#
# There is insufficient memory for the Java Runtime Environment to continue.
# Native memory allocation (malloc) failed to allocate 1571856 bytes. Error detail: Chunk::new
# Possible reasons:
#   The system is out of physical RAM or swap space
#   This process is running with CompressedOops enabled, and the Java Heap may be blocking the growth of the native heap
# Possible solutions:
#   Reduce memory load on the system
#   Increase physical memory or swap space
#   Check if swap backing store is full
#   Decrease Java heap size (-Xmx/-Xms)
#   Decrease number of Java threads
#   Decrease Java thread stack sizes (-Xss)
#   Set larger code cache with -XX:ReservedCodeCacheSize=
#   JVM is running with Unscaled Compressed Oops mode in which the Java heap is
#     placed in the first 4GB address space. The Java Heap base address is the
#     maximum limit for the native heap growth. Please use -XX:HeapBaseMinAddress
#     to set the Java Heap base and to place the Java Heap above 4GB virtual address.
# This output file may be truncated or incomplete.
#
#  Out of Memory Error (arena.cpp:168), pid=14744, tid=36756
#
# JRE version: OpenJDK Runtime Environment (21.0.6) (build 21.0.6+-13391695-b895.109)
# Java VM: OpenJDK 64-Bit Server VM (21.0.6+-13391695-b895.109, mixed mode, tiered, compressed oops, compressed class ptrs, g1 gc, windows-amd64)
# No core dump will be written. Minidumps are not enabled by default on client versions of Windows
#

---------------  S U M M A R Y ------------

Command Line: --add-opens=java.base/java.lang=ALL-UNNAMED --add-opens=java.base/java.lang.invoke=ALL-UNNAMED --add-opens=java.base/java.util=ALL-UNNAMED --add-opens=java.prefs/java.util.prefs=ALL-UNNAMED --add-exports=jdk.compiler/com.sun.tools.javac.api=ALL-UNNAMED --add-exports=jdk.compiler/com.sun.tools.javac.util=ALL-UNNAMED --add-opens=java.base/java.util=ALL-UNNAMED --add-opens=java.prefs/java.util.prefs=ALL-UNNAMED --add-opens=java.base/java.nio.charset=ALL-UNNAMED --add-opens=java.base/java.net=ALL-UNNAMED --add-opens=java.base/java.util.concurrent.atomic=ALL-UNNAMED --add-opens=java.xml/javax.xml.namespace=ALL-UNNAMED -Xmx2048m -Dfile.encoding=UTF-8 -Duser.country=US -Duser.language=en -Duser.variant -javaagent:C:\Users\ADMIN\.gradle\wrapper\dists\gradle-8.13-bin\5xuhj0ry160q40clulazy9h7d\gradle-8.13\lib\agents\gradle-instrumentation-agent-8.13.jar org.gradle.launcher.daemon.bootstrap.GradleDaemon 8.13

Host: 12th Gen Intel(R) Core(TM) i7-1260P, 16 cores, 15G,  Windows 11 , 64 bit Build 26100 (10.0.26100.8328)
Time: Sat May 23 00:17:11 2026 SE Asia Standard Time elapsed time: 346.428080 seconds (0d 0h 5m 46s)

---------------  T H R E A D  ---------------

Current thread (0x0000018f477f6f60):  JavaThread "C2 CompilerThread4" daemon [_thread_in_native, id=36756, stack(0x0000008332a00000,0x0000008332b00000) (1024K)]


Current CompileTask:
C2:346428 24126       4       com.android.builder.dexing.ClassBucket$getClassFiles$1::test (13 bytes)

Stack: [0x0000008332a00000,0x0000008332b00000]
Native frames: (J=compiled Java code, j=interpreted, Vv=VM code, C=native code)
V  [jvm.dll+0x6d0639]
V  [jvm.dll+0x85eb03]
V  [jvm.dll+0x86105e]
V  [jvm.dll+0x861743]
V  [jvm.dll+0x27e6e6]
V  [jvm.dll+0xbff6d]
V  [jvm.dll+0xc04a3]
V  [jvm.dll+0x3b6171]
V  [jvm.dll+0x3820c7]
V  [jvm.dll+0x38153a]
V  [jvm.dll+0x247c82]
V  [jvm.dll+0x247251]
V  [jvm.dll+0x1c5f04]
V  [jvm.dll+0x2569ac]
V  [jvm.dll+0x254ef6]
V  [jvm.dll+0x3f0e96]
V  [jvm.dll+0x806ed8]
V  [jvm.dll+0x6cef0d]
C  [ucrtbase.dll+0x37b0]
C  [KERNEL32.DLL+0x2e957]
C  [ntdll.dll+0x427c]


---------------  P R O C E S S  ---------------

Threads class SMR info:
_java_thread_list=0x0000018f484be9f0, length=191, elements={
0x0000018f233eb570, 0x0000018f3da6efb0, 0x0000018f3da6fa00, 0x0000018f3da72590,
0x0000018f3da72fe0, 0x0000018f3da73a30, 0x0000018f3da85e00, 0x0000018f3da584d0,
0x0000018f3daaad20, 0x0000018f3dc0e820, 0x0000018f421a9d20, 0x0000018f438c8870,
0x0000018f444fede0, 0x0000018f444d61d0, 0x0000018f445b8f60, 0x0000018f445ba310,
0x0000018f445ba9a0, 0x0000018f445b8240, 0x0000018f468520a0, 0x0000018f46852dc0,
0x0000018f498f6370, 0x0000018f4a049680, 0x0000018f4a04b750, 0x0000018f4a04c470,
0x0000018f4a04b0c0, 0x0000018f4a1b6a90, 0x0000018f42292060, 0x0000018f4228f900,
0x0000018f4228ebe0, 0x0000018f42290620, 0x0000018f42290cb0, 0x0000018f422926f0,
0x0000018f42292d80, 0x0000018f42293410, 0x0000018f4228ff90, 0x0000018f422954e0,
0x0000018f42294e50, 0x0000018f42295b70, 0x0000018f42296200, 0x0000018f42296890,
0x0000018f42293aa0, 0x0000018f422975b0, 0x0000018f42294130, 0x0000018f422947c0,
0x0000018f4229aa30, 0x0000018f42298960, 0x0000018f42299d10, 0x0000018f4229b0c0,
0x0000018f4229a3a0, 0x0000018f42297c40, 0x0000018f42299680, 0x0000018f4229b750,
0x0000018f422982d0, 0x0000018f4229bde0, 0x0000018f4229c470, 0x0000018f42298ff0,
0x0000018f4229cb00, 0x0000018f4229d190, 0x0000018f4229d820, 0x0000018f4229deb0,
0x0000018f50557300, 0x0000018f50555f50, 0x0000018f50556c70, 0x0000018f50559a60,
0x0000018f5055a780, 0x0000018f50557990, 0x0000018f5055cee0, 0x0000018f5055d570,
0x0000018f5055e920, 0x0000018f5055efb0, 0x0000018f5055dc00, 0x0000018f5055f640,
0x0000018f5055c850, 0x0000018f50561080, 0x0000018f50560360, 0x0000018f50563150,
0x0000018f505637e0, 0x0000018f50562ac0, 0x0000018f50563e70, 0x0000018f505609f0,
0x0000018f50562430, 0x0000018f50564500, 0x0000018f50564b90, 0x0000018f50565220,
0x0000018f50561da0, 0x0000018f505672f0, 0x0000018f50567980, 0x0000018f50568010,
0x0000018f50568d30, 0x0000018f50561710, 0x0000018f505686a0, 0x0000018f505658b0,
0x0000018f505693c0, 0x0000018f50565f40, 0x0000018f5056a0e0, 0x0000018f50569a50,
0x0000018f50566c60, 0x0000018f5056d560, 0x0000018f5056b490, 0x0000018f5056c1b0,
0x0000018f5056c840, 0x0000018f5056bb20, 0x0000018f5056dbf0, 0x0000018f5056a770,
0x0000018f5056ae00, 0x0000018f5056e910, 0x0000018f5056efa0, 0x0000018f5056f630,
0x0000018f5056fcc0, 0x0000018f50572420, 0x0000018f505709e0, 0x0000018f50571d90,
0x0000018f505737d0, 0x0000018f50571700, 0x0000018f50571070, 0x0000018f50572ab0,
0x0000018f50573140, 0x0000018f50570350, 0x0000018f50573e60, 0x0000018f505744f0,
0x0000018f50574b80, 0x0000018f50575210, 0x0000018f4a1b5d70, 0x0000018f4a1b7120,
0x0000018f4a1b56e0, 0x0000018f4a1b49c0, 0x0000018f4a1b77b0, 0x0000018f4a1b5050,
0x0000018f4a1b4330, 0x0000018f4a1b7e40, 0x0000018f4a1b6400, 0x0000018f4a1b8b60,
0x0000018f4a1bb2c0, 0x0000018f4a1b91f0, 0x0000018f4a1bb950, 0x0000018f4a1bac30,
0x0000018f4a1b9880, 0x0000018f4a1ba5a0, 0x0000018f4a1b84d0, 0x0000018f4a1bd390,
0x0000018f4a1bbfe0, 0x0000018f4a1bcd00, 0x0000018f4a1b9f10, 0x0000018f4a1bc670,
0x0000018f4a1be740, 0x0000018f4a1bedd0, 0x0000018f4a1bda20, 0x0000018f4a1c2250,
0x0000018f4a1c0180, 0x0000018f4a1c1530, 0x0000018f4a1c0ea0, 0x0000018f4a1c0810,
0x0000018f4a1c1bc0, 0x0000018f4a1c28e0, 0x0000018f46853ae0, 0x0000018f45f6ee70,
0x0000018f46852730, 0x0000018f46858310, 0x0000018f468589a0, 0x0000018f46859030,
0x0000018f4a041340, 0x0000018f4a0419d0, 0x0000018f4a043aa0, 0x0000018f4a043410,
0x0000018f4a040620, 0x0000018f4a044130, 0x0000018f4a0426f0, 0x0000018f4a042d80,
0x0000018f4a042060, 0x0000018f4a040cb0, 0x0000018f4a046f20, 0x0000018f4a046200,
0x0000018f4a0454e0, 0x0000018f4a044e50, 0x0000018f46857c80, 0x0000018f4fec7730,
0x0000018f4fec6a10, 0x0000018f4fec4940, 0x0000018f4fec8450, 0x0000018f4fec7dc0,
0x0000018f4fec4fd0, 0x0000018f4fec8ae0, 0x0000018f4fec5660, 0x0000018f4fec9170,
0x0000018f3dc142c0, 0x0000018f4fec5cf0, 0x0000018f3dc12780, 0x0000018f4fec9800,
0x0000018f4fec9e90, 0x0000018f477f9840, 0x0000018f477f6f60
}

Java Threads: ( => current thread )
  0x0000018f233eb570 JavaThread "main"                              [_thread_blocked, id=25496, stack(0x0000008325c00000,0x0000008325d00000) (1024K)]
  0x0000018f3da6efb0 JavaThread "Reference Handler"          daemon [_thread_blocked, id=24388, stack(0x0000008326400000,0x0000008326500000) (1024K)]
  0x0000018f3da6fa00 JavaThread "Finalizer"                  daemon [_thread_blocked, id=19868, stack(0x0000008326500000,0x0000008326600000) (1024K)]
  0x0000018f3da72590 JavaThread "Signal Dispatcher"          daemon [_thread_blocked, id=9460, stack(0x0000008326600000,0x0000008326700000) (1024K)]
  0x0000018f3da72fe0 JavaThread "Attach Listener"            daemon [_thread_blocked, id=36240, stack(0x0000008326700000,0x0000008326800000) (1024K)]
  0x0000018f3da73a30 JavaThread "Service Thread"             daemon [_thread_blocked, id=28740, stack(0x0000008326800000,0x0000008326900000) (1024K)]
  0x0000018f3da85e00 JavaThread "Monitor Deflation Thread"   daemon [_thread_blocked, id=22804, stack(0x0000008326900000,0x0000008326a00000) (1024K)]
  0x0000018f3da584d0 JavaThread "C2 CompilerThread0"         daemon [_thread_blocked, id=24452, stack(0x0000008326a00000,0x0000008326b00000) (1024K)]
  0x0000018f3daaad20 JavaThread "C1 CompilerThread0"         daemon [_thread_in_vm, id=29788, stack(0x0000008326b00000,0x0000008326c00000) (1024K)]
  0x0000018f3dc0e820 JavaThread "Common-Cleaner"             daemon [_thread_blocked, id=36456, stack(0x0000008326c00000,0x0000008326d00000) (1024K)]
  0x0000018f421a9d20 JavaThread "Notification Thread"        daemon [_thread_blocked, id=1876, stack(0x0000008327000000,0x0000008327100000) (1024K)]
  0x0000018f438c8870 JavaThread "Daemon health stats"               [_thread_blocked, id=37192, stack(0x0000008327b00000,0x0000008327c00000) (1024K)]
  0x0000018f444fede0 JavaThread "Incoming local TCP Connector on port 59834"        [_thread_in_native, id=36300, stack(0x0000008327c00000,0x0000008327d00000) (1024K)]
  0x0000018f444d61d0 JavaThread "Daemon periodic checks"            [_thread_blocked, id=5616, stack(0x0000008327d00000,0x0000008327e00000) (1024K)]
  0x0000018f445b8f60 JavaThread "Cache worker for journal cache (C:\Users\ADMIN\.gradle\caches\journal-1)"        [_thread_blocked, id=24564, stack(0x0000008328c00000,0x0000008328d00000) (1024K)]
  0x0000018f445ba310 JavaThread "File lock request listener"        [_thread_in_native, id=27976, stack(0x0000008328d00000,0x0000008328e00000) (1024K)]
  0x0000018f445ba9a0 JavaThread "Cache worker for file hash cache (C:\Users\ADMIN\.gradle\caches\8.13\fileHashes)"        [_thread_blocked, id=24716, stack(0x0000008328e00000,0x0000008328f00000) (1024K)]
  0x0000018f445b8240 JavaThread "File watcher server"        daemon [_thread_in_native, id=8864, stack(0x0000008329100000,0x0000008329200000) (1024K)]
  0x0000018f468520a0 JavaThread "File watcher consumer"      daemon [_thread_blocked, id=9844, stack(0x0000008329200000,0x0000008329300000) (1024K)]
  0x0000018f46852dc0 JavaThread "Cache worker for file content cache (C:\Users\ADMIN\.gradle\caches\8.13\fileContent)"        [_thread_blocked, id=2232, stack(0x0000008329400000,0x0000008329500000) (1024K)]
  0x0000018f498f6370 JavaThread "Memory manager"                    [_thread_blocked, id=13680, stack(0x0000008327300000,0x0000008327400000) (1024K)]
  0x0000018f4a049680 JavaThread "RMI Scheduler(0)"           daemon [_thread_blocked, id=29392, stack(0x0000008334b00000,0x0000008334c00000) (1024K)]
  0x0000018f4a04b750 JavaThread "RMI GC Daemon"              daemon [_thread_blocked, id=34284, stack(0x0000008334d00000,0x0000008334e00000) (1024K)]
  0x0000018f4a04c470 JavaThread "RMI TCP Accept-0"           daemon [_thread_in_native, id=14852, stack(0x0000008334e00000,0x0000008334f00000) (1024K)]
  0x0000018f4a04b0c0 JavaThread "RMI Reaper"                        [_thread_blocked, id=17108, stack(0x0000008334f00000,0x0000008335000000) (1024K)]
  0x0000018f4a1b6a90 JavaThread "Cache worker for Java compile cache (C:\Users\ADMIN\.gradle\caches\8.13\javaCompile)"        [_thread_blocked, id=12752, stack(0x0000008326f00000,0x0000008327000000) (1024K)]
  0x0000018f42292060 JavaThread "RMI TCP Connection(6)-127.0.0.1" daemon [_thread_in_native, id=17296, stack(0x0000008325b00000,0x0000008325c00000) (1024K)]
  0x0000018f4228f900 JavaThread "File lock release action executor"        [_thread_blocked, id=4624, stack(0x0000008326d00000,0x0000008326e00000) (1024K)]
  0x0000018f4228ebe0 JavaThread "Daemon Thread 2"                   [_thread_blocked, id=24068, stack(0x0000008326e00000,0x0000008326f00000) (1024K)]
  0x0000018f42290620 JavaThread "Handler for socket connection from /127.0.0.1:59834 to /127.0.0.1:63935"        [_thread_in_native, id=35612, stack(0x0000008327100000,0x0000008327200000) (1024K)]
  0x0000018f42290cb0 JavaThread "Cancel handler"                    [_thread_blocked, id=23492, stack(0x0000008327200000,0x0000008327300000) (1024K)]
  0x0000018f422926f0 JavaThread "Daemon worker Thread 2"            [_thread_blocked, id=28144, stack(0x0000008327e00000,0x0000008327f00000) (1024K)]
  0x0000018f42292d80 JavaThread "Asynchronous log dispatcher for DefaultDaemonConnection: socket connection from /127.0.0.1:59834 to /127.0.0.1:63935"        [_thread_blocked, id=17464, stack(0x0000008327f00000,0x0000008328000000) (1024K)]
  0x0000018f42293410 JavaThread "Stdin handler"                     [_thread_blocked, id=19232, stack(0x0000008328000000,0x0000008328100000) (1024K)]
  0x0000018f4228ff90 JavaThread "Daemon client event forwarder"        [_thread_blocked, id=1712, stack(0x0000008328100000,0x0000008328200000) (1024K)]
  0x0000018f422954e0 JavaThread "Cache worker for file hash cache (E:\MyApplication\.gradle\8.13\fileHashes)"        [_thread_blocked, id=20164, stack(0x0000008328200000,0x0000008328300000) (1024K)]
  0x0000018f42294e50 JavaThread "Cache worker for Build Output Cleanup Cache (E:\MyApplication\.gradle\buildOutputCleanup)"        [_thread_blocked, id=31308, stack(0x0000008328300000,0x0000008328400000) (1024K)]
  0x0000018f42295b70 JavaThread "Cache worker for checksums cache (E:\MyApplication\.gradle\8.13\checksums)"        [_thread_blocked, id=32696, stack(0x0000008328f00000,0x0000008329000000) (1024K)]
  0x0000018f42296200 JavaThread "Cache worker for cache directory md-supplier (C:\Users\ADMIN\.gradle\caches\8.13\md-supplier)"        [_thread_blocked, id=11760, stack(0x0000008329000000,0x0000008329100000) (1024K)]
  0x0000018f42296890 JavaThread "Cache worker for cache directory md-rule (C:\Users\ADMIN\.gradle\caches\8.13\md-rule)"        [_thread_blocked, id=26440, stack(0x0000008329300000,0x0000008329400000) (1024K)]
  0x0000018f42293aa0 JavaThread "Unconstrained build operations"        [_thread_blocked, id=3100, stack(0x0000008329800000,0x0000008329900000) (1024K)]
  0x0000018f422975b0 JavaThread "Unconstrained build operations Thread 2"        [_thread_blocked, id=2132, stack(0x0000008329900000,0x0000008329a00000) (1024K)]
  0x0000018f42294130 JavaThread "Unconstrained build operations Thread 3"        [_thread_blocked, id=21344, stack(0x0000008329a00000,0x0000008329b00000) (1024K)]
  0x0000018f422947c0 JavaThread "Unconstrained build operations Thread 4"        [_thread_blocked, id=2588, stack(0x0000008329b00000,0x0000008329c00000) (1024K)]
  0x0000018f4229aa30 JavaThread "Unconstrained build operations Thread 5"        [_thread_blocked, id=36940, stack(0x0000008329c00000,0x0000008329d00000) (1024K)]
  0x0000018f42298960 JavaThread "Unconstrained build operations Thread 6"        [_thread_blocked, id=36388, stack(0x0000008329d00000,0x0000008329e00000) (1024K)]
  0x0000018f42299d10 JavaThread "Unconstrained build operations Thread 7"        [_thread_blocked, id=37268, stack(0x0000008329e00000,0x0000008329f00000) (1024K)]
  0x0000018f4229b0c0 JavaThread "Unconstrained build operations Thread 8"        [_thread_blocked, id=25788, stack(0x0000008329f00000,0x000000832a000000) (1024K)]
  0x0000018f4229a3a0 JavaThread "Unconstrained build operations Thread 9"        [_thread_blocked, id=18900, stack(0x000000832a000000,0x000000832a100000) (1024K)]
  0x0000018f42297c40 JavaThread "Unconstrained build operations Thread 10"        [_thread_blocked, id=34312, stack(0x000000832a100000,0x000000832a200000) (1024K)]
  0x0000018f42299680 JavaThread "Unconstrained build operations Thread 11"        [_thread_blocked, id=2856, stack(0x000000832a200000,0x000000832a300000) (1024K)]
  0x0000018f4229b750 JavaThread "Unconstrained build operations Thread 12"        [_thread_blocked, id=36544, stack(0x000000832a300000,0x000000832a400000) (1024K)]
  0x0000018f422982d0 JavaThread "Unconstrained build operations Thread 13"        [_thread_blocked, id=31252, stack(0x000000832a400000,0x000000832a500000) (1024K)]
  0x0000018f4229bde0 JavaThread "Unconstrained build operations Thread 14"        [_thread_blocked, id=36928, stack(0x000000832a500000,0x000000832a600000) (1024K)]
  0x0000018f4229c470 JavaThread "Unconstrained build operations Thread 15"        [_thread_blocked, id=36328, stack(0x000000832a600000,0x000000832a700000) (1024K)]
  0x0000018f42298ff0 JavaThread "Unconstrained build operations Thread 16"        [_thread_blocked, id=24572, stack(0x000000832a700000,0x000000832a800000) (1024K)]
  0x0000018f4229cb00 JavaThread "Unconstrained build operations Thread 17"        [_thread_blocked, id=37520, stack(0x000000832a800000,0x000000832a900000) (1024K)]
  0x0000018f4229d190 JavaThread "Unconstrained build operations Thread 18"        [_thread_blocked, id=6848, stack(0x000000832a900000,0x000000832aa00000) (1024K)]
  0x0000018f4229d820 JavaThread "Unconstrained build operations Thread 19"        [_thread_blocked, id=25568, stack(0x000000832aa00000,0x000000832ab00000) (1024K)]
  0x0000018f4229deb0 JavaThread "Unconstrained build operations Thread 20"        [_thread_blocked, id=36440, stack(0x000000832ab00000,0x000000832ac00000) (1024K)]
  0x0000018f50557300 JavaThread "Unconstrained build operations Thread 21"        [_thread_blocked, id=25036, stack(0x000000832ac00000,0x000000832ad00000) (1024K)]
  0x0000018f50555f50 JavaThread "Unconstrained build operations Thread 22"        [_thread_blocked, id=28952, stack(0x000000832ad00000,0x000000832ae00000) (1024K)]
  0x0000018f50556c70 JavaThread "Unconstrained build operations Thread 23"        [_thread_blocked, id=2748, stack(0x000000832ae00000,0x000000832af00000) (1024K)]
  0x0000018f50559a60 JavaThread "Unconstrained build operations Thread 24"        [_thread_blocked, id=15656, stack(0x000000832af00000,0x000000832b000000) (1024K)]
  0x0000018f5055a780 JavaThread "Unconstrained build operations Thread 25"        [_thread_blocked, id=24096, stack(0x000000832b000000,0x000000832b100000) (1024K)]
  0x0000018f50557990 JavaThread "Unconstrained build operations Thread 26"        [_thread_blocked, id=21600, stack(0x000000832b100000,0x000000832b200000) (1024K)]
  0x0000018f5055cee0 JavaThread "Unconstrained build operations Thread 27"        [_thread_blocked, id=35912, stack(0x000000832b200000,0x000000832b300000) (1024K)]
  0x0000018f5055d570 JavaThread "Unconstrained build operations Thread 28"        [_thread_blocked, id=8576, stack(0x000000832b300000,0x000000832b400000) (1024K)]
  0x0000018f5055e920 JavaThread "Unconstrained build operations Thread 29"        [_thread_blocked, id=37460, stack(0x000000832b400000,0x000000832b500000) (1024K)]
  0x0000018f5055efb0 JavaThread "Unconstrained build operations Thread 30"        [_thread_blocked, id=37616, stack(0x000000832b500000,0x000000832b600000) (1024K)]
  0x0000018f5055dc00 JavaThread "build event listener"              [_thread_blocked, id=27908, stack(0x000000832b600000,0x000000832b700000) (1024K)]
  0x0000018f5055f640 JavaThread "build event listener"              [_thread_blocked, id=26400, stack(0x000000832b700000,0x000000832b800000) (1024K)]
  0x0000018f5055c850 JavaThread "included builds"                   [_thread_blocked, id=14648, stack(0x000000832b800000,0x000000832b900000) (1024K)]
  0x0000018f50561080 JavaThread "Execution worker"                  [_thread_blocked, id=21276, stack(0x000000832b900000,0x000000832ba00000) (1024K)]
  0x0000018f50560360 JavaThread "Execution worker Thread 2"         [_thread_blocked, id=22936, stack(0x000000832ba00000,0x000000832bb00000) (1024K)]
  0x0000018f50563150 JavaThread "Execution worker Thread 3"         [_thread_blocked, id=25240, stack(0x000000832bb00000,0x000000832bc00000) (1024K)]
  0x0000018f505637e0 JavaThread "Execution worker Thread 4"         [_thread_blocked, id=33332, stack(0x000000832bc00000,0x000000832bd00000) (1024K)]
  0x0000018f50562ac0 JavaThread "Execution worker Thread 5"         [_thread_blocked, id=13460, stack(0x000000832bd00000,0x000000832be00000) (1024K)]
  0x0000018f50563e70 JavaThread "Execution worker Thread 6"         [_thread_blocked, id=10584, stack(0x000000832be00000,0x000000832bf00000) (1024K)]
  0x0000018f505609f0 JavaThread "Execution worker Thread 7"         [_thread_blocked, id=492, stack(0x000000832bf00000,0x000000832c000000) (1024K)]
  0x0000018f50562430 JavaThread "Execution worker Thread 8"         [_thread_blocked, id=7448, stack(0x000000832c000000,0x000000832c100000) (1024K)]
  0x0000018f50564500 JavaThread "Execution worker Thread 9"         [_thread_blocked, id=6548, stack(0x000000832c100000,0x000000832c200000) (1024K)]
  0x0000018f50564b90 JavaThread "Execution worker Thread 10"        [_thread_blocked, id=10612, stack(0x000000832c200000,0x000000832c300000) (1024K)]
  0x0000018f50565220 JavaThread "Execution worker Thread 11"        [_thread_blocked, id=19164, stack(0x000000832c300000,0x000000832c400000) (1024K)]
  0x0000018f50561da0 JavaThread "Execution worker Thread 12"        [_thread_blocked, id=7740, stack(0x000000832c400000,0x000000832c500000) (1024K)]
  0x0000018f505672f0 JavaThread "Execution worker Thread 13"        [_thread_blocked, id=37680, stack(0x000000832c500000,0x000000832c600000) (1024K)]
  0x0000018f50567980 JavaThread "Execution worker Thread 14"        [_thread_blocked, id=19140, stack(0x000000832c600000,0x000000832c700000) (1024K)]
  0x0000018f50568010 JavaThread "Execution worker Thread 15"        [_thread_blocked, id=22076, stack(0x000000832c700000,0x000000832c800000) (1024K)]
  0x0000018f50568d30 JavaThread "Cache worker for execution history cache (E:\MyApplication\.gradle\8.13\executionHistory)"        [_thread_blocked, id=11344, stack(0x000000832c800000,0x000000832c900000) (1024K)]
  0x0000018f50561710 JavaThread "Unconstrained build operations Thread 31"        [_thread_blocked, id=34756, stack(0x000000832c900000,0x000000832ca00000) (1024K)]
  0x0000018f505686a0 JavaThread "Unconstrained build operations Thread 32"        [_thread_blocked, id=15848, stack(0x000000832ca00000,0x000000832cb00000) (1024K)]
  0x0000018f505658b0 JavaThread "Unconstrained build operations Thread 33"        [_thread_blocked, id=10656, stack(0x000000832cb00000,0x000000832cc00000) (1024K)]
  0x0000018f505693c0 JavaThread "Unconstrained build operations Thread 34"        [_thread_blocked, id=32232, stack(0x000000832cc00000,0x000000832cd00000) (1024K)]
  0x0000018f50565f40 JavaThread "Unconstrained build operations Thread 35"        [_thread_blocked, id=7784, stack(0x000000832cd00000,0x000000832ce00000) (1024K)]
  0x0000018f5056a0e0 JavaThread "Unconstrained build operations Thread 36"        [_thread_blocked, id=26448, stack(0x000000832ce00000,0x000000832cf00000) (1024K)]
  0x0000018f50569a50 JavaThread "Unconstrained build operations Thread 37"        [_thread_blocked, id=34500, stack(0x000000832cf00000,0x000000832d000000) (1024K)]
  0x0000018f50566c60 JavaThread "Unconstrained build operations Thread 38"        [_thread_blocked, id=25408, stack(0x000000832d000000,0x000000832d100000) (1024K)]
  0x0000018f5056d560 JavaThread "Unconstrained build operations Thread 39"        [_thread_blocked, id=8124, stack(0x000000832d100000,0x000000832d200000) (1024K)]
  0x0000018f5056b490 JavaThread "Unconstrained build operations Thread 40"        [_thread_blocked, id=16072, stack(0x000000832d200000,0x000000832d300000) (1024K)]
  0x0000018f5056c1b0 JavaThread "Unconstrained build operations Thread 41"        [_thread_blocked, id=9468, stack(0x000000832d300000,0x000000832d400000) (1024K)]
  0x0000018f5056c840 JavaThread "Unconstrained build operations Thread 42"        [_thread_blocked, id=8080, stack(0x000000832d400000,0x000000832d500000) (1024K)]
  0x0000018f5056bb20 JavaThread "Unconstrained build operations Thread 43"        [_thread_blocked, id=13520, stack(0x000000832d500000,0x000000832d600000) (1024K)]
  0x0000018f5056dbf0 JavaThread "Unconstrained build operations Thread 44"        [_thread_blocked, id=26208, stack(0x000000832d600000,0x000000832d700000) (1024K)]
  0x0000018f5056a770 JavaThread "Unconstrained build operations Thread 45"        [_thread_blocked, id=25564, stack(0x000000832d700000,0x000000832d800000) (1024K)]
  0x0000018f5056ae00 JavaThread "Unconstrained build operations Thread 46"        [_thread_blocked, id=17932, stack(0x000000832d800000,0x000000832d900000) (1024K)]
  0x0000018f5056e910 JavaThread "Unconstrained build operations Thread 47"        [_thread_blocked, id=22952, stack(0x000000832d900000,0x000000832da00000) (1024K)]
  0x0000018f5056efa0 JavaThread "Unconstrained build operations Thread 48"        [_thread_blocked, id=37636, stack(0x000000832da00000,0x000000832db00000) (1024K)]
  0x0000018f5056f630 JavaThread "Unconstrained build operations Thread 49"        [_thread_blocked, id=13388, stack(0x000000832db00000,0x000000832dc00000) (1024K)]
  0x0000018f5056fcc0 JavaThread "Unconstrained build operations Thread 50"        [_thread_blocked, id=32100, stack(0x000000832dc00000,0x000000832dd00000) (1024K)]
  0x0000018f50572420 JavaThread "Unconstrained build operations Thread 51"        [_thread_blocked, id=5040, stack(0x000000832dd00000,0x000000832de00000) (1024K)]
  0x0000018f505709e0 JavaThread "Unconstrained build operations Thread 52"        [_thread_blocked, id=28732, stack(0x000000832de00000,0x000000832df00000) (1024K)]
  0x0000018f50571d90 JavaThread "Unconstrained build operations Thread 53"        [_thread_blocked, id=14904, stack(0x000000832df00000,0x000000832e000000) (1024K)]
  0x0000018f505737d0 JavaThread "Unconstrained build operations Thread 54"        [_thread_blocked, id=8900, stack(0x000000832e000000,0x000000832e100000) (1024K)]
  0x0000018f50571700 JavaThread "Unconstrained build operations Thread 55"        [_thread_blocked, id=19724, stack(0x000000832e100000,0x000000832e200000) (1024K)]
  0x0000018f50571070 JavaThread "Unconstrained build operations Thread 56"        [_thread_blocked, id=15048, stack(0x000000832e200000,0x000000832e300000) (1024K)]
  0x0000018f50572ab0 JavaThread "Unconstrained build operations Thread 57"        [_thread_blocked, id=26264, stack(0x000000832e300000,0x000000832e400000) (1024K)]
  0x0000018f50573140 JavaThread "Unconstrained build operations Thread 58"        [_thread_blocked, id=36316, stack(0x000000832e400000,0x000000832e500000) (1024K)]
  0x0000018f50570350 JavaThread "Unconstrained build operations Thread 59"        [_thread_blocked, id=16028, stack(0x000000832e500000,0x000000832e600000) (1024K)]
  0x0000018f50573e60 JavaThread "Unconstrained build operations Thread 60"        [_thread_blocked, id=16020, stack(0x000000832e600000,0x000000832e700000) (1024K)]
  0x0000018f505744f0 JavaThread "Unconstrained build operations Thread 61"        [_thread_blocked, id=9492, stack(0x000000832e700000,0x000000832e800000) (1024K)]
  0x0000018f50574b80 JavaThread "Unconstrained build operations Thread 62"        [_thread_blocked, id=2512, stack(0x000000832e800000,0x000000832e900000) (1024K)]
  0x0000018f50575210 JavaThread "Unconstrained build operations Thread 63"        [_thread_blocked, id=9864, stack(0x000000832e900000,0x000000832ea00000) (1024K)]
  0x0000018f4a1b5d70 JavaThread "Unconstrained build operations Thread 64"        [_thread_blocked, id=30460, stack(0x000000832ea00000,0x000000832eb00000) (1024K)]
  0x0000018f4a1b7120 JavaThread "Unconstrained build operations Thread 65"        [_thread_blocked, id=21560, stack(0x000000832eb00000,0x000000832ec00000) (1024K)]
  0x0000018f4a1b56e0 JavaThread "Unconstrained build operations Thread 66"        [_thread_blocked, id=28208, stack(0x000000832ec00000,0x000000832ed00000) (1024K)]
  0x0000018f4a1b49c0 JavaThread "Unconstrained build operations Thread 67"        [_thread_blocked, id=28396, stack(0x000000832ed00000,0x000000832ee00000) (1024K)]
  0x0000018f4a1b77b0 JavaThread "Unconstrained build operations Thread 68"        [_thread_blocked, id=14112, stack(0x000000832ee00000,0x000000832ef00000) (1024K)]
  0x0000018f4a1b5050 JavaThread "Unconstrained build operations Thread 69"        [_thread_blocked, id=35280, stack(0x000000832ef00000,0x000000832f000000) (1024K)]
  0x0000018f4a1b4330 JavaThread "Unconstrained build operations Thread 70"        [_thread_blocked, id=6412, stack(0x000000832f000000,0x000000832f100000) (1024K)]
  0x0000018f4a1b7e40 JavaThread "Unconstrained build operations Thread 71"        [_thread_blocked, id=27372, stack(0x000000832f100000,0x000000832f200000) (1024K)]
  0x0000018f4a1b6400 JavaThread "Unconstrained build operations Thread 72"        [_thread_blocked, id=11912, stack(0x000000832f200000,0x000000832f300000) (1024K)]
  0x0000018f4a1b8b60 JavaThread "Unconstrained build operations Thread 73"        [_thread_blocked, id=9960, stack(0x000000832f300000,0x000000832f400000) (1024K)]
  0x0000018f4a1bb2c0 JavaThread "Unconstrained build operations Thread 74"        [_thread_blocked, id=24964, stack(0x000000832f400000,0x000000832f500000) (1024K)]
  0x0000018f4a1b91f0 JavaThread "Unconstrained build operations Thread 75"        [_thread_blocked, id=17808, stack(0x000000832f500000,0x000000832f600000) (1024K)]
  0x0000018f4a1bb950 JavaThread "Unconstrained build operations Thread 76"        [_thread_blocked, id=5320, stack(0x000000832f600000,0x000000832f700000) (1024K)]
  0x0000018f4a1bac30 JavaThread "Unconstrained build operations Thread 77"        [_thread_blocked, id=9296, stack(0x000000832f700000,0x000000832f800000) (1024K)]
  0x0000018f4a1b9880 JavaThread "Unconstrained build operations Thread 78"        [_thread_blocked, id=20308, stack(0x000000832f800000,0x000000832f900000) (1024K)]
  0x0000018f4a1ba5a0 JavaThread "Unconstrained build operations Thread 79"        [_thread_blocked, id=27552, stack(0x000000832f900000,0x000000832fa00000) (1024K)]
  0x0000018f4a1b84d0 JavaThread "Unconstrained build operations Thread 80"        [_thread_blocked, id=13592, stack(0x000000832fa00000,0x000000832fb00000) (1024K)]
  0x0000018f4a1bd390 JavaThread "Unconstrained build operations Thread 81"        [_thread_blocked, id=35412, stack(0x000000832fb00000,0x000000832fc00000) (1024K)]
  0x0000018f4a1bbfe0 JavaThread "Unconstrained build operations Thread 82"        [_thread_blocked, id=8272, stack(0x000000832fc00000,0x000000832fd00000) (1024K)]
  0x0000018f4a1bcd00 JavaThread "Unconstrained build operations Thread 83"        [_thread_blocked, id=5692, stack(0x000000832fd00000,0x000000832fe00000) (1024K)]
  0x0000018f4a1b9f10 JavaThread "Unconstrained build operations Thread 84"        [_thread_blocked, id=26132, stack(0x000000832fe00000,0x000000832ff00000) (1024K)]
  0x0000018f4a1bc670 JavaThread "Unconstrained build operations Thread 85"        [_thread_blocked, id=25572, stack(0x000000832ff00000,0x0000008330000000) (1024K)]
  0x0000018f4a1be740 JavaThread "WorkerExecutor Queue"              [_thread_blocked, id=30868, stack(0x0000008330000000,0x0000008330100000) (1024K)]
  0x0000018f4a1bedd0 JavaThread "RMI TCP Connection(5)-127.0.0.1" daemon [_thread_in_native, id=36524, stack(0x0000008330200000,0x0000008330300000) (1024K)]
  0x0000018f4a1bda20 JavaThread "Unconstrained build operations Thread 86"        [_thread_blocked, id=17424, stack(0x0000008330300000,0x0000008330400000) (1024K)]
  0x0000018f4a1c2250 JavaThread "Unconstrained build operations Thread 87"        [_thread_blocked, id=18828, stack(0x0000008330400000,0x0000008330500000) (1024K)]
  0x0000018f4a1c0180 JavaThread "Unconstrained build operations Thread 88"        [_thread_blocked, id=19068, stack(0x0000008330500000,0x0000008330600000) (1024K)]
  0x0000018f4a1c1530 JavaThread "Unconstrained build operations Thread 89"        [_thread_blocked, id=18080, stack(0x0000008330600000,0x0000008330700000) (1024K)]
  0x0000018f4a1c0ea0 JavaThread "Unconstrained build operations Thread 90"        [_thread_blocked, id=10336, stack(0x0000008330700000,0x0000008330800000) (1024K)]
  0x0000018f4a1c0810 JavaThread "Unconstrained build operations Thread 91"        [_thread_blocked, id=28764, stack(0x0000008330800000,0x0000008330900000) (1024K)]
  0x0000018f4a1c1bc0 JavaThread "Unconstrained build operations Thread 92"        [_thread_blocked, id=28656, stack(0x0000008330900000,0x0000008330a00000) (1024K)]
  0x0000018f4a1c28e0 JavaThread "Unconstrained build operations Thread 93"        [_thread_blocked, id=32992, stack(0x0000008330a00000,0x0000008330b00000) (1024K)]
  0x0000018f46853ae0 JavaThread "WorkerExecutor Queue Thread 2"        [_thread_in_vm, id=35456, stack(0x0000008329500000,0x0000008329600000) (1024K)]
  0x0000018f45f6ee70 JavaThread "C1 CompilerThread1"         daemon [_thread_in_native, id=33024, stack(0x0000008329600000,0x0000008329700000) (1024K)]
  0x0000018f46852730 JavaThread "WorkerExecutor Queue Thread 3"        [_thread_blocked, id=25608, stack(0x0000008329700000,0x0000008329800000) (1024K)]
  0x0000018f46858310 JavaThread "Build operations"                  [_thread_blocked, id=31148, stack(0x0000008330f00000,0x0000008331000000) (1024K)]
  0x0000018f468589a0 JavaThread "Build operations Thread 2"         [_thread_blocked, id=29088, stack(0x0000008331000000,0x0000008331100000) (1024K)]
  0x0000018f46859030 JavaThread "Build operations Thread 3"         [_thread_blocked, id=10636, stack(0x0000008331100000,0x0000008331200000) (1024K)]
  0x0000018f4a041340 JavaThread "Build operations Thread 4"         [_thread_blocked, id=4524, stack(0x0000008331200000,0x0000008331300000) (1024K)]
  0x0000018f4a0419d0 JavaThread "Build operations Thread 5"         [_thread_blocked, id=37108, stack(0x0000008331300000,0x0000008331400000) (1024K)]
  0x0000018f4a043aa0 JavaThread "Build operations Thread 6"         [_thread_blocked, id=7996, stack(0x0000008331400000,0x0000008331500000) (1024K)]
  0x0000018f4a043410 JavaThread "Build operations Thread 7"         [_thread_blocked, id=32780, stack(0x0000008331500000,0x0000008331600000) (1024K)]
  0x0000018f4a040620 JavaThread "Build operations Thread 8"         [_thread_blocked, id=23276, stack(0x0000008331600000,0x0000008331700000) (1024K)]
  0x0000018f4a044130 JavaThread "Build operations Thread 9"         [_thread_blocked, id=22616, stack(0x0000008331700000,0x0000008331800000) (1024K)]
  0x0000018f4a0426f0 JavaThread "Build operations Thread 10"        [_thread_blocked, id=29320, stack(0x0000008331800000,0x0000008331900000) (1024K)]
  0x0000018f4a042d80 JavaThread "Build operations Thread 11"        [_thread_blocked, id=18008, stack(0x0000008331900000,0x0000008331a00000) (1024K)]
  0x0000018f4a042060 JavaThread "Build operations Thread 12"        [_thread_blocked, id=8796, stack(0x0000008331a00000,0x0000008331b00000) (1024K)]
  0x0000018f4a040cb0 JavaThread "Build operations Thread 13"        [_thread_blocked, id=18400, stack(0x0000008331b00000,0x0000008331c00000) (1024K)]
  0x0000018f4a046f20 JavaThread "Build operations Thread 14"        [_thread_blocked, id=35692, stack(0x0000008331c00000,0x0000008331d00000) (1024K)]
  0x0000018f4a046200 JavaThread "Build operations Thread 15"        [_thread_blocked, id=22488, stack(0x0000008331d00000,0x0000008331e00000) (1024K)]
  0x0000018f4a0454e0 JavaThread "Unconstrained build operations Thread 94"        [_thread_blocked, id=35676, stack(0x0000008331e00000,0x0000008331f00000) (1024K)]
  0x0000018f4a044e50 JavaThread "Build operations Thread 16"        [_thread_blocked, id=33028, stack(0x0000008330100000,0x0000008330200000) (1024K)]
  0x0000018f46857c80 JavaThread "WorkerExecutor Queue Thread 4"        [_thread_blocked, id=36400, stack(0x0000008331f00000,0x0000008332000000) (1024K)]
  0x0000018f4fec7730 JavaThread "WorkerExecutor Queue Thread 5"        [_thread_blocked, id=22080, stack(0x0000008328400000,0x0000008328500000) (1024K)]
  0x0000018f4fec6a10 JavaThread "WorkerExecutor Queue Thread 6"        [_thread_blocked, id=21624, stack(0x0000008330b00000,0x0000008330c00000) (1024K)]
  0x0000018f4fec4940 JavaThread "WorkerExecutor Queue Thread 7"        [_thread_blocked, id=30320, stack(0x0000008330c00000,0x0000008330d00000) (1024K)]
  0x0000018f4fec8450 JavaThread "WorkerExecutor Queue Thread 8"        [_thread_blocked, id=16660, stack(0x0000008330d00000,0x0000008330e00000) (1024K)]
  0x0000018f4fec7dc0 JavaThread "WorkerExecutor Queue Thread 9"        [_thread_blocked, id=28444, stack(0x0000008330e00000,0x0000008330f00000) (1024K)]
  0x0000018f4fec4fd0 JavaThread "WorkerExecutor Queue Thread 10"        [_thread_blocked, id=1780, stack(0x0000008332000000,0x0000008332100000) (1024K)]
  0x0000018f4fec8ae0 JavaThread "WorkerExecutor Queue Thread 11"        [_thread_blocked, id=35076, stack(0x0000008332100000,0x0000008332200000) (1024K)]
  0x0000018f4fec5660 JavaThread "WorkerExecutor Queue Thread 12"        [_thread_blocked, id=28508, stack(0x0000008332200000,0x0000008332300000) (1024K)]
  0x0000018f4fec9170 JavaThread "WorkerExecutor Queue Thread 13"        [_thread_blocked, id=33076, stack(0x0000008332300000,0x0000008332400000) (1024K)]
  0x0000018f3dc142c0 JavaThread "C2 CompilerThread1"         daemon [_thread_blocked, id=1616, stack(0x0000008332400000,0x0000008332500000) (1024K)]
  0x0000018f4fec5cf0 JavaThread "WorkerExecutor Queue Thread 14"        [_thread_blocked, id=31320, stack(0x0000008332600000,0x0000008332700000) (1024K)]
  0x0000018f3dc12780 JavaThread "C2 CompilerThread2"         daemon [_thread_blocked, id=3912, stack(0x0000008332500000,0x0000008332600000) (1024K)]
  0x0000018f4fec9800 JavaThread "WorkerExecutor Queue Thread 15"        [_thread_blocked, id=5012, stack(0x0000008332700000,0x0000008332800000) (1024K)]
  0x0000018f4fec9e90 JavaThread "WorkerExecutor Queue Thread 16"        [_thread_blocked, id=1436, stack(0x0000008332800000,0x0000008332900000) (1024K)]
  0x0000018f477f9840 JavaThread "C2 CompilerThread3"         daemon [_thread_in_native, id=26848, stack(0x0000008332900000,0x0000008332a00000) (1024K)]
=>0x0000018f477f6f60 JavaThread "C2 CompilerThread4"         daemon [_thread_in_native, id=36756, stack(0x0000008332a00000,0x0000008332b00000) (1024K)]
Total: 191

Other Threads:
  0x0000018f3ce59800 VMThread "VM Thread"                           [id=10148, stack(0x0000008326300000,0x0000008326400000) (1024K)]
  0x0000018f3ce1d2a0 WatcherThread "VM Periodic Task Thread"        [id=18056, stack(0x0000008326200000,0x0000008326300000) (1024K)]
  0x0000018f257bab70 WorkerThread "GC Thread#0"                     [id=3196, stack(0x0000008325d00000,0x0000008325e00000) (1024K)]
  0x0000018f42520260 WorkerThread "GC Thread#1"                     [id=31160, stack(0x0000008327400000,0x0000008327500000) (1024K)]
  0x0000018f424ea3d0 WorkerThread "GC Thread#2"                     [id=8064, stack(0x0000008327500000,0x0000008327600000) (1024K)]
  0x0000018f424ea770 WorkerThread "GC Thread#3"                     [id=33204, stack(0x0000008327600000,0x0000008327700000) (1024K)]
  0x0000018f425772d0 WorkerThread "GC Thread#4"                     [id=14012, stack(0x0000008327700000,0x0000008327800000) (1024K)]
  0x0000018f42578280 WorkerThread "GC Thread#5"                     [id=25116, stack(0x0000008327800000,0x0000008327900000) (1024K)]
  0x0000018f434217a0 WorkerThread "GC Thread#6"                     [id=4128, stack(0x0000008327900000,0x0000008327a00000) (1024K)]
  0x0000018f43421b40 WorkerThread "GC Thread#7"                     [id=15856, stack(0x0000008327a00000,0x0000008327b00000) (1024K)]
  0x0000018f44b071b0 WorkerThread "GC Thread#8"                     [id=15504, stack(0x0000008328500000,0x0000008328600000) (1024K)]
  0x0000018f44b06e10 WorkerThread "GC Thread#9"                     [id=33712, stack(0x0000008328600000,0x0000008328700000) (1024K)]
  0x0000018f44b07550 WorkerThread "GC Thread#10"                    [id=30696, stack(0x0000008328700000,0x0000008328800000) (1024K)]
  0x0000018f44b078f0 WorkerThread "GC Thread#11"                    [id=29932, stack(0x0000008328800000,0x0000008328900000) (1024K)]
  0x0000018f44b07c90 WorkerThread "GC Thread#12"                    [id=29024, stack(0x0000008328900000,0x0000008328a00000) (1024K)]
  0x0000018f257cba60 ConcurrentGCThread "G1 Main Marker"            [id=15300, stack(0x0000008325e00000,0x0000008325f00000) (1024K)]
  0x0000018f257ccc80 WorkerThread "G1 Conc#0"                       [id=29600, stack(0x0000008325f00000,0x0000008326000000) (1024K)]
  0x0000018f44b083d0 WorkerThread "G1 Conc#1"                       [id=25652, stack(0x0000008328a00000,0x0000008328b00000) (1024K)]
  0x0000018f44b08030 WorkerThread "G1 Conc#2"                       [id=14956, stack(0x0000008328b00000,0x0000008328c00000) (1024K)]
  0x0000018f3cd713c0 ConcurrentGCThread "G1 Refine#0"               [id=12380, stack(0x0000008326000000,0x0000008326100000) (1024K)]
  0x0000018f3cd71ce0 ConcurrentGCThread "G1 Service"                [id=5844, stack(0x0000008326100000,0x0000008326200000) (1024K)]
Total: 21

Threads with active compile tasks:
C2 CompilerThread0  346565 24456       4       java.util.ArrayDeque::contains (80 bytes)
C2 CompilerThread1  346565 24462       4       com.android.tools.r8.internal.vI::c (14 bytes)
C2 CompilerThread2  346565 24461       4       com.android.tools.r8.internal.zx0::b0 (25 bytes)
C2 CompilerThread3  346565 24158       4       com.android.builder.dexing.DirectoryBasedClassFileInput$$Lambda/0x0000000101339c78::test (16 bytes)
C2 CompilerThread4  346565 24126       4       com.android.builder.dexing.ClassBucket$getClassFiles$1::test (13 bytes)
Total: 5

VM state: not at safepoint (normal execution)

VM Mutex/Monitor currently owned by a thread: None

Heap address: 0x0000000080000000, size: 2048 MB, Compressed Oops mode: 32-bit

CDS archive(s) not mapped
Compressed class space mapped at: 0x0000000100000000-0x0000000140000000, reserved size: 1073741824
Narrow klass base: 0x0000000000000000, Narrow klass shift: 3, Narrow klass range: 0x140000000

GC Precious Log:
 CardTable entry size: 512
 Card Set container configuration: InlinePtr #cards 5 size 8 Array Of Cards #cards 12 size 40 Howl #buckets 4 coarsen threshold 1843 Howl Bitmap #cards 512 size 80 coarsen threshold 460 Card regions per heap region 1 cards per card region 2048
 CPUs: 16 total, 16 available
 Memory: 16068M
 Large Page Support: Disabled
 NUMA Support: Disabled
 Compressed Oops: Enabled (32-bit)
 Heap Region Size: 1M
 Heap Min Capacity: 8M
 Heap Initial Capacity: 252M
 Heap Max Capacity: 2G
 Pre-touch: Disabled
 Parallel Workers: 13
 Concurrent Workers: 3
 Concurrent Refinement Workers: 13
 Periodic GC: Disabled

Heap:
 garbage-first heap   total 342016K, used 277264K [0x0000000080000000, 0x0000000100000000)
  region size 1024K, 76 young (77824K), 7 survivors (7168K)
 Metaspace       used 160456K, committed 163072K, reserved 1245184K
  class space    used 21481K, committed 22784K, reserved 1048576K

Heap Regions: E=young(eden), S=young(survivor), O=old, HS=humongous(starts), HC=humongous(continues), CS=collection set, F=free, TAMS=top-at-mark-start, PB=parsable bottom
|   0|0x0000000080000000, 0x0000000080100000, 0x0000000080100000|100%|HS|  |TAMS 0x0000000080000000| PB 0x0000000080000000| Complete 
|   1|0x0000000080100000, 0x0000000080200000, 0x0000000080200000|100%|HC|  |TAMS 0x0000000080100000| PB 0x0000000080100000| Complete 
|   2|0x0000000080200000, 0x0000000080300000, 0x0000000080300000|100%|HC|  |TAMS 0x0000000080200000| PB 0x0000000080200000| Complete 
|   3|0x0000000080300000, 0x0000000080400000, 0x0000000080400000|100%| O|  |TAMS 0x0000000080300000| PB 0x0000000080300000| Untracked 
|   4|0x0000000080400000, 0x0000000080500000, 0x0000000080500000|100%| O|  |TAMS 0x0000000080400000| PB 0x0000000080400000| Untracked 
|   5|0x0000000080500000, 0x0000000080600000, 0x0000000080600000|100%| O|  |TAMS 0x0000000080500000| PB 0x0000000080500000| Untracked 
|   6|0x0000000080600000, 0x0000000080700000, 0x0000000080700000|100%|HS|  |TAMS 0x0000000080600000| PB 0x0000000080600000| Complete 
|   7|0x0000000080700000, 0x0000000080800000, 0x0000000080800000|100%| O|  |TAMS 0x0000000080700000| PB 0x0000000080700000| Untracked 
|   8|0x0000000080800000, 0x0000000080900000, 0x0000000080900000|100%| O|  |TAMS 0x0000000080800000| PB 0x0000000080800000| Untracked 
|   9|0x0000000080900000, 0x0000000080a00000, 0x0000000080a00000|100%| O|  |TAMS 0x0000000080900000| PB 0x0000000080900000| Untracked 
|  10|0x0000000080a00000, 0x0000000080b00000, 0x0000000080b00000|100%| O|  |TAMS 0x0000000080a00000| PB 0x0000000080a00000| Untracked 
|  11|0x0000000080b00000, 0x0000000080c00000, 0x0000000080c00000|100%| O|  |TAMS 0x0000000080b00000| PB 0x0000000080b00000| Untracked 
|  12|0x0000000080c00000, 0x0000000080d00000, 0x0000000080d00000|100%| O|  |TAMS 0x0000000080c00000| PB 0x0000000080c00000| Untracked 
|  13|0x0000000080d00000, 0x0000000080e00000, 0x0000000080e00000|100%| O|  |TAMS 0x0000000080d00000| PB 0x0000000080d00000| Untracked 
|  14|0x0000000080e00000, 0x0000000080f00000, 0x0000000080f00000|100%| O|  |TAMS 0x0000000080e00000| PB 0x0000000080e00000| Untracked 
|  15|0x0000000080f00000, 0x0000000081000000, 0x0000000081000000|100%| O|  |TAMS 0x0000000080f00000| PB 0x0000000080f00000| Untracked 
|  16|0x0000000081000000, 0x0000000081100000, 0x0000000081100000|100%| O|  |TAMS 0x0000000081000000| PB 0x0000000081000000| Untracked 
|  17|0x0000000081100000, 0x0000000081200000, 0x0000000081200000|100%| O|  |TAMS 0x0000000081100000| PB 0x0000000081100000| Untracked 
|  18|0x0000000081200000, 0x0000000081300000, 0x0000000081300000|100%| O|  |TAMS 0x0000000081200000| PB 0x0000000081200000| Untracked 
|  19|0x0000000081300000, 0x0000000081400000, 0x0000000081400000|100%| O|  |TAMS 0x0000000081300000| PB 0x0000000081300000| Untracked 
|  20|0x0000000081400000, 0x0000000081500000, 0x0000000081500000|100%| O|  |TAMS 0x0000000081400000| PB 0x0000000081400000| Untracked 
|  21|0x0000000081500000, 0x0000000081600000, 0x0000000081600000|100%| O|  |TAMS 0x0000000081500000| PB 0x0000000081500000| Untracked 
|  22|0x0000000081600000, 0x0000000081700000, 0x0000000081700000|100%| O|  |TAMS 0x0000000081600000| PB 0x0000000081600000| Untracked 
|  23|0x0000000081700000, 0x0000000081800000, 0x0000000081800000|100%| O|  |TAMS 0x0000000081700000| PB 0x0000000081700000| Untracked 
|  24|0x0000000081800000, 0x0000000081900000, 0x0000000081900000|100%| O|Cm|TAMS 0x0000000081800000| PB 0x0000000081800000| Complete 
|  25|0x0000000081900000, 0x0000000081a00000, 0x0000000081a00000|100%| O|  |TAMS 0x0000000081900000| PB 0x0000000081900000| Untracked 
|  26|0x0000000081a00000, 0x0000000081b00000, 0x0000000081b00000|100%| O|  |TAMS 0x0000000081a00000| PB 0x0000000081a00000| Untracked 
|  27|0x0000000081b00000, 0x0000000081c00000, 0x0000000081c00000|100%| O|  |TAMS 0x0000000081b00000| PB 0x0000000081b00000| Untracked 
|  28|0x0000000081c00000, 0x0000000081d00000, 0x0000000081d00000|100%| O|  |TAMS 0x0000000081c00000| PB 0x0000000081c00000| Untracked 
|  29|0x0000000081d00000, 0x0000000081e00000, 0x0000000081e00000|100%| O|  |TAMS 0x0000000081d00000| PB 0x0000000081d00000| Untracked 
|  30|0x0000000081e00000, 0x0000000081f00000, 0x0000000081f00000|100%| O|  |TAMS 0x0000000081e00000| PB 0x0000000081e00000| Untracked 
|  31|0x0000000081f00000, 0x0000000082000000, 0x0000000082000000|100%| O|  |TAMS 0x0000000081f00000| PB 0x0000000081f00000| Untracked 
|  32|0x0000000082000000, 0x0000000082100000, 0x0000000082100000|100%| O|  |TAMS 0x0000000082000000| PB 0x0000000082000000| Untracked 
|  33|0x0000000082100000, 0x0000000082200000, 0x0000000082200000|100%| O|  |TAMS 0x0000000082100000| PB 0x0000000082100000| Untracked 
|  34|0x0000000082200000, 0x0000000082300000, 0x0000000082300000|100%| O|  |TAMS 0x0000000082200000| PB 0x0000000082200000| Untracked 
|  35|0x0000000082300000, 0x0000000082400000, 0x0000000082400000|100%| O|  |TAMS 0x0000000082300000| PB 0x0000000082300000| Untracked 
|  36|0x0000000082400000, 0x0000000082500000, 0x0000000082500000|100%| O|  |TAMS 0x0000000082400000| PB 0x0000000082400000| Untracked 
|  37|0x0000000082500000, 0x0000000082600000, 0x0000000082600000|100%| O|  |TAMS 0x0000000082500000| PB 0x0000000082500000| Untracked 
|  38|0x0000000082600000, 0x0000000082700000, 0x0000000082700000|100%| O|  |TAMS 0x0000000082600000| PB 0x0000000082600000| Untracked 
|  39|0x0000000082700000, 0x0000000082800000, 0x0000000082800000|100%| O|Cm|TAMS 0x0000000082700000| PB 0x0000000082700000| Complete 
|  40|0x0000000082800000, 0x0000000082900000, 0x0000000082900000|100%| O|Cm|TAMS 0x0000000082800000| PB 0x0000000082800000| Complete 
|  41|0x0000000082900000, 0x0000000082a00000, 0x0000000082a00000|100%| O|Cm|TAMS 0x0000000082900000| PB 0x0000000082900000| Complete 
|  42|0x0000000082a00000, 0x0000000082b00000, 0x0000000082b00000|100%| O|Cm|TAMS 0x0000000082a00000| PB 0x0000000082a00000| Complete 
|  43|0x0000000082b00000, 0x0000000082c00000, 0x0000000082c00000|100%| O|  |TAMS 0x0000000082b00000| PB 0x0000000082b00000| Untracked 
|  44|0x0000000082c00000, 0x0000000082d00000, 0x0000000082d00000|100%|HS|  |TAMS 0x0000000082c00000| PB 0x0000000082c00000| Complete 
|  45|0x0000000082d00000, 0x0000000082e00000, 0x0000000082e00000|100%| O|  |TAMS 0x0000000082d00000| PB 0x0000000082d00000| Untracked 
|  46|0x0000000082e00000, 0x0000000082f00000, 0x0000000082f00000|100%| O|  |TAMS 0x0000000082e00000| PB 0x0000000082e00000| Untracked 
|  47|0x0000000082f00000, 0x0000000083000000, 0x0000000083000000|100%|HS|  |TAMS 0x0000000082f00000| PB 0x0000000082f00000| Complete 
|  48|0x0000000083000000, 0x0000000083100000, 0x0000000083100000|100%|HS|  |TAMS 0x0000000083000000| PB 0x0000000083000000| Complete 
|  49|0x0000000083100000, 0x0000000083200000, 0x0000000083200000|100%|HC|  |TAMS 0x0000000083100000| PB 0x0000000083100000| Complete 
|  50|0x0000000083200000, 0x0000000083300000, 0x0000000083300000|100%|HS|  |TAMS 0x0000000083200000| PB 0x0000000083200000| Complete 
|  51|0x0000000083300000, 0x0000000083400000, 0x0000000083400000|100%|HC|  |TAMS 0x0000000083300000| PB 0x0000000083300000| Complete 
|  52|0x0000000083400000, 0x0000000083500000, 0x0000000083500000|100%|HS|  |TAMS 0x0000000083400000| PB 0x0000000083400000| Complete 
|  53|0x0000000083500000, 0x0000000083600000, 0x0000000083600000|100%|HS|  |TAMS 0x0000000083500000| PB 0x0000000083500000| Complete 
|  54|0x0000000083600000, 0x0000000083700000, 0x0000000083700000|100%| O|  |TAMS 0x0000000083600000| PB 0x0000000083600000| Untracked 
|  55|0x0000000083700000, 0x0000000083800000, 0x0000000083800000|100%| O|  |TAMS 0x0000000083700000| PB 0x0000000083700000| Untracked 
|  56|0x0000000083800000, 0x0000000083900000, 0x0000000083900000|100%| O|  |TAMS 0x0000000083800000| PB 0x0000000083800000| Untracked 
|  57|0x0000000083900000, 0x0000000083a00000, 0x0000000083a00000|100%| O|  |TAMS 0x0000000083900000| PB 0x0000000083900000| Untracked 
|  58|0x0000000083a00000, 0x0000000083b00000, 0x0000000083b00000|100%| O|  |TAMS 0x0000000083a00000| PB 0x0000000083a00000| Untracked 
|  59|0x0000000083b00000, 0x0000000083c00000, 0x0000000083c00000|100%|HS|  |TAMS 0x0000000083b00000| PB 0x0000000083b00000| Complete 
|  60|0x0000000083c00000, 0x0000000083d00000, 0x0000000083d00000|100%|HC|  |TAMS 0x0000000083c00000| PB 0x0000000083c00000| Complete 
|  61|0x0000000083d00000, 0x0000000083e00000, 0x0000000083e00000|100%|HC|  |TAMS 0x0000000083d00000| PB 0x0000000083d00000| Complete 
|  62|0x0000000083e00000, 0x0000000083f00000, 0x0000000083f00000|100%| O|  |TAMS 0x0000000083e00000| PB 0x0000000083e00000| Untracked 
|  63|0x0000000083f00000, 0x0000000084000000, 0x0000000084000000|100%|HS|  |TAMS 0x0000000083f00000| PB 0x0000000083f00000| Complete 
|  64|0x0000000084000000, 0x0000000084100000, 0x0000000084100000|100%|HS|  |TAMS 0x0000000084000000| PB 0x0000000084000000| Complete 
|  65|0x0000000084100000, 0x0000000084200000, 0x0000000084200000|100%| O|Cm|TAMS 0x0000000084100000| PB 0x0000000084100000| Complete 
|  66|0x0000000084200000, 0x0000000084300000, 0x0000000084300000|100%|HS|  |TAMS 0x0000000084200000| PB 0x0000000084200000| Complete 
|  67|0x0000000084300000, 0x0000000084400000, 0x0000000084400000|100%| O|Cm|TAMS 0x0000000084300000| PB 0x0000000084300000| Complete 
|  68|0x0000000084400000, 0x0000000084500000, 0x0000000084500000|100%| O|  |TAMS 0x0000000084400000| PB 0x0000000084400000| Untracked 
|  69|0x0000000084500000, 0x0000000084600000, 0x0000000084600000|100%| O|  |TAMS 0x0000000084500000| PB 0x0000000084500000| Untracked 
|  70|0x0000000084600000, 0x0000000084700000, 0x0000000084700000|100%| O|  |TAMS 0x0000000084600000| PB 0x0000000084600000| Untracked 
|  71|0x0000000084700000, 0x0000000084800000, 0x0000000084800000|100%|HS|  |TAMS 0x0000000084700000| PB 0x0000000084700000| Complete 
|  72|0x0000000084800000, 0x0000000084900000, 0x0000000084900000|100%| O|  |TAMS 0x0000000084800000| PB 0x0000000084800000| Untracked 
|  73|0x0000000084900000, 0x0000000084a00000, 0x0000000084a00000|100%| O|  |TAMS 0x0000000084900000| PB 0x0000000084900000| Untracked 
|  74|0x0000000084a00000, 0x0000000084b00000, 0x0000000084b00000|100%| O|Cm|TAMS 0x0000000084a00000| PB 0x0000000084a00000| Complete 
|  75|0x0000000084b00000, 0x0000000084c00000, 0x0000000084c00000|100%|HS|  |TAMS 0x0000000084b00000| PB 0x0000000084b00000| Complete 
|  76|0x0000000084c00000, 0x0000000084d00000, 0x0000000084d00000|100%|HC|  |TAMS 0x0000000084c00000| PB 0x0000000084c00000| Complete 
|  77|0x0000000084d00000, 0x0000000084e00000, 0x0000000084e00000|100%|HC|  |TAMS 0x0000000084d00000| PB 0x0000000084d00000| Complete 
|  78|0x0000000084e00000, 0x0000000084f00000, 0x0000000084f00000|100%| O|  |TAMS 0x0000000084e00000| PB 0x0000000084e00000| Untracked 
|  79|0x0000000084f00000, 0x0000000085000000, 0x0000000085000000|100%| O|  |TAMS 0x0000000084f00000| PB 0x0000000084f00000| Untracked 
|  80|0x0000000085000000, 0x0000000085100000, 0x0000000085100000|100%| O|  |TAMS 0x0000000085000000| PB 0x0000000085000000| Untracked 
|  81|0x0000000085100000, 0x0000000085200000, 0x0000000085200000|100%| O|  |TAMS 0x0000000085100000| PB 0x0000000085100000| Untracked 
|  82|0x0000000085200000, 0x0000000085300000, 0x0000000085300000|100%| O|Cm|TAMS 0x0000000085200000| PB 0x0000000085200000| Complete 
|  83|0x0000000085300000, 0x0000000085400000, 0x0000000085400000|100%| O|Cm|TAMS 0x0000000085300000| PB 0x0000000085300000| Complete 
|  84|0x0000000085400000, 0x0000000085500000, 0x0000000085500000|100%| O|Cm|TAMS 0x0000000085400000| PB 0x0000000085400000| Complete 
|  85|0x0000000085500000, 0x0000000085600000, 0x0000000085600000|100%| O|Cm|TAMS 0x0000000085500000| PB 0x0000000085500000| Complete 
|  86|0x0000000085600000, 0x0000000085700000, 0x0000000085700000|100%| O|Cm|TAMS 0x0000000085600000| PB 0x0000000085600000| Complete 
|  87|0x0000000085700000, 0x0000000085800000, 0x0000000085800000|100%| O|Cm|TAMS 0x0000000085700000| PB 0x0000000085700000| Complete 
|  88|0x0000000085800000, 0x0000000085900000, 0x0000000085900000|100%| O|  |TAMS 0x0000000085800000| PB 0x0000000085800000| Untracked 
|  89|0x0000000085900000, 0x0000000085a00000, 0x0000000085a00000|100%| O|  |TAMS 0x0000000085900000| PB 0x0000000085900000| Untracked 
|  90|0x0000000085a00000, 0x0000000085b00000, 0x0000000085b00000|100%| O|  |TAMS 0x0000000085a00000| PB 0x0000000085a00000| Untracked 
|  91|0x0000000085b00000, 0x0000000085c00000, 0x0000000085c00000|100%| O|  |TAMS 0x0000000085b00000| PB 0x0000000085b00000| Untracked 
|  92|0x0000000085c00000, 0x0000000085d00000, 0x0000000085d00000|100%| O|Cm|TAMS 0x0000000085c00000| PB 0x0000000085c00000| Complete 
|  93|0x0000000085d00000, 0x0000000085e00000, 0x0000000085e00000|100%| O|Cm|TAMS 0x0000000085d00000| PB 0x0000000085d00000| Complete 
|  94|0x0000000085e00000, 0x0000000085f00000, 0x0000000085f00000|100%| O|  |TAMS 0x0000000085e00000| PB 0x0000000085e00000| Untracked 
|  95|0x0000000085f00000, 0x0000000086000000, 0x0000000086000000|100%| O|  |TAMS 0x0000000085f00000| PB 0x0000000085f00000| Untracked 
|  96|0x0000000086000000, 0x0000000086100000, 0x0000000086100000|100%| O|Cm|TAMS 0x0000000086000000| PB 0x0000000086000000| Complete 
|  97|0x0000000086100000, 0x0000000086200000, 0x0000000086200000|100%| O|Cm|TAMS 0x0000000086100000| PB 0x0000000086100000| Complete 
|  98|0x0000000086200000, 0x0000000086300000, 0x0000000086300000|100%| O|  |TAMS 0x0000000086200000| PB 0x0000000086200000| Untracked 
|  99|0x0000000086300000, 0x0000000086400000, 0x0000000086400000|100%| O|  |TAMS 0x0000000086300000| PB 0x0000000086300000| Untracked 
| 100|0x0000000086400000, 0x0000000086500000, 0x0000000086500000|100%| O|  |TAMS 0x0000000086400000| PB 0x0000000086400000| Untracked 
| 101|0x0000000086500000, 0x0000000086600000, 0x0000000086600000|100%| O|Cm|TAMS 0x0000000086500000| PB 0x0000000086500000| Complete 
| 102|0x0000000086600000, 0x0000000086700000, 0x0000000086700000|100%| O|Cm|TAMS 0x0000000086600000| PB 0x0000000086600000| Complete 
| 103|0x0000000086700000, 0x0000000086800000, 0x0000000086800000|100%| O|  |TAMS 0x0000000086700000| PB 0x0000000086700000| Untracked 
| 104|0x0000000086800000, 0x0000000086900000, 0x0000000086900000|100%| O|  |TAMS 0x0000000086800000| PB 0x0000000086800000| Untracked 
| 105|0x0000000086900000, 0x0000000086a00000, 0x0000000086a00000|100%| O|Cm|TAMS 0x0000000086900000| PB 0x0000000086900000| Complete 
| 106|0x0000000086a00000, 0x0000000086b00000, 0x0000000086b00000|100%| O|Cm|TAMS 0x0000000086a00000| PB 0x0000000086a00000| Complete 
| 107|0x0000000086b00000, 0x0000000086c00000, 0x0000000086c00000|100%| O|  |TAMS 0x0000000086b00000| PB 0x0000000086b00000| Untracked 
| 108|0x0000000086c00000, 0x0000000086d00000, 0x0000000086d00000|100%| O|  |TAMS 0x0000000086c00000| PB 0x0000000086c00000| Untracked 
| 109|0x0000000086d00000, 0x0000000086e00000, 0x0000000086e00000|100%|HS|  |TAMS 0x0000000086d00000| PB 0x0000000086d00000| Complete 
| 110|0x0000000086e00000, 0x0000000086e00000, 0x0000000086f00000|  0%| F|  |TAMS 0x0000000086e00000| PB 0x0000000086e00000| Untracked 
| 111|0x0000000086f00000, 0x0000000087000000, 0x0000000087000000|100%| O|Cm|TAMS 0x0000000086f00000| PB 0x0000000086f00000| Complete 
| 112|0x0000000087000000, 0x0000000087100000, 0x0000000087100000|100%| O|Cm|TAMS 0x0000000087000000| PB 0x0000000087000000| Complete 
| 113|0x0000000087100000, 0x0000000087200000, 0x0000000087200000|100%| O|Cm|TAMS 0x0000000087100000| PB 0x0000000087100000| Complete 
| 114|0x0000000087200000, 0x0000000087300000, 0x0000000087300000|100%| O|Cm|TAMS 0x0000000087200000| PB 0x0000000087200000| Complete 
| 115|0x0000000087300000, 0x0000000087400000, 0x0000000087400000|100%| O|Cm|TAMS 0x0000000087300000| PB 0x0000000087300000| Complete 
| 116|0x0000000087400000, 0x0000000087500000, 0x0000000087500000|100%| O|Cm|TAMS 0x0000000087400000| PB 0x0000000087400000| Complete 
| 117|0x0000000087500000, 0x0000000087600000, 0x0000000087600000|100%| O|  |TAMS 0x0000000087500000| PB 0x0000000087500000| Untracked 
| 118|0x0000000087600000, 0x0000000087700000, 0x0000000087700000|100%| O|  |TAMS 0x0000000087600000| PB 0x0000000087600000| Untracked 
| 119|0x0000000087700000, 0x0000000087800000, 0x0000000087800000|100%| O|Cm|TAMS 0x0000000087700000| PB 0x0000000087700000| Complete 
| 120|0x0000000087800000, 0x0000000087900000, 0x0000000087900000|100%| O|Cm|TAMS 0x0000000087800000| PB 0x0000000087800000| Complete 
| 121|0x0000000087900000, 0x0000000087a00000, 0x0000000087a00000|100%| O|  |TAMS 0x0000000087900000| PB 0x0000000087900000| Untracked 
| 122|0x0000000087a00000, 0x0000000087b00000, 0x0000000087b00000|100%| O|Cm|TAMS 0x0000000087a00000| PB 0x0000000087a00000| Complete 
| 123|0x0000000087b00000, 0x0000000087c00000, 0x0000000087c00000|100%| O|  |TAMS 0x0000000087b00000| PB 0x0000000087b00000| Untracked 
| 124|0x0000000087c00000, 0x0000000087d00000, 0x0000000087d00000|100%| O|  |TAMS 0x0000000087c00000| PB 0x0000000087c00000| Untracked 
| 125|0x0000000087d00000, 0x0000000087e00000, 0x0000000087e00000|100%| O|Cm|TAMS 0x0000000087d00000| PB 0x0000000087d00000| Complete 
| 126|0x0000000087e00000, 0x0000000087f00000, 0x0000000087f00000|100%| O|  |TAMS 0x0000000087e00000| PB 0x0000000087e00000| Untracked 
| 127|0x0000000087f00000, 0x0000000088000000, 0x0000000088000000|100%| O|  |TAMS 0x0000000087f00000| PB 0x0000000087f00000| Untracked 
| 128|0x0000000088000000, 0x0000000088100000, 0x0000000088100000|100%| O|Cm|TAMS 0x0000000088000000| PB 0x0000000088000000| Complete 
| 129|0x0000000088100000, 0x0000000088200000, 0x0000000088200000|100%| O|  |TAMS 0x0000000088100000| PB 0x0000000088100000| Untracked 
| 130|0x0000000088200000, 0x0000000088300000, 0x0000000088300000|100%| O|  |TAMS 0x0000000088200000| PB 0x0000000088200000| Untracked 
| 131|0x0000000088300000, 0x0000000088400000, 0x0000000088400000|100%| O|  |TAMS 0x0000000088300000| PB 0x0000000088300000| Untracked 
| 132|0x0000000088400000, 0x0000000088500000, 0x0000000088500000|100%| O|  |TAMS 0x0000000088400000| PB 0x0000000088400000| Untracked 
| 133|0x0000000088500000, 0x0000000088600000, 0x0000000088600000|100%| O|  |TAMS 0x0000000088500000| PB 0x0000000088500000| Untracked 
| 134|0x0000000088600000, 0x0000000088700000, 0x0000000088700000|100%| O|  |TAMS 0x0000000088600000| PB 0x0000000088600000| Untracked 
| 135|0x0000000088700000, 0x0000000088800000, 0x0000000088800000|100%| O|  |TAMS 0x0000000088700000| PB 0x0000000088700000| Untracked 
| 136|0x0000000088800000, 0x0000000088900000, 0x0000000088900000|100%| O|  |TAMS 0x0000000088800000| PB 0x0000000088800000| Untracked 
| 137|0x0000000088900000, 0x0000000088a00000, 0x0000000088a00000|100%| O|  |TAMS 0x0000000088900000| PB 0x0000000088900000| Untracked 
| 138|0x0000000088a00000, 0x0000000088b00000, 0x0000000088b00000|100%| O|  |TAMS 0x0000000088a00000| PB 0x0000000088a00000| Untracked 
| 139|0x0000000088b00000, 0x0000000088c00000, 0x0000000088c00000|100%| O|  |TAMS 0x0000000088b00000| PB 0x0000000088b00000| Untracked 
| 140|0x0000000088c00000, 0x0000000088d00000, 0x0000000088d00000|100%| O|  |TAMS 0x0000000088c00000| PB 0x0000000088c00000| Untracked 
| 141|0x0000000088d00000, 0x0000000088e00000, 0x0000000088e00000|100%| O|  |TAMS 0x0000000088d00000| PB 0x0000000088d00000| Untracked 
| 142|0x0000000088e00000, 0x0000000088f00000, 0x0000000088f00000|100%| O|  |TAMS 0x0000000088e00000| PB 0x0000000088e00000| Untracked 
| 143|0x0000000088f00000, 0x0000000089000000, 0x0000000089000000|100%| O|  |TAMS 0x0000000088f00000| PB 0x0000000088f00000| Untracked 
| 144|0x0000000089000000, 0x0000000089100000, 0x0000000089100000|100%| O|  |TAMS 0x0000000089000000| PB 0x0000000089000000| Untracked 
| 145|0x0000000089100000, 0x0000000089200000, 0x0000000089200000|100%| O|  |TAMS 0x0000000089100000| PB 0x0000000089100000| Untracked 
| 146|0x0000000089200000, 0x0000000089300000, 0x0000000089300000|100%| O|  |TAMS 0x0000000089200000| PB 0x0000000089200000| Untracked 
| 147|0x0000000089300000, 0x0000000089400000, 0x0000000089400000|100%| O|  |TAMS 0x0000000089300000| PB 0x0000000089300000| Untracked 
| 148|0x0000000089400000, 0x0000000089500000, 0x0000000089500000|100%| O|  |TAMS 0x0000000089400000| PB 0x0000000089400000| Untracked 
| 149|0x0000000089500000, 0x0000000089600000, 0x0000000089600000|100%| O|  |TAMS 0x0000000089500000| PB 0x0000000089500000| Untracked 
| 150|0x0000000089600000, 0x0000000089700000, 0x0000000089700000|100%| O|  |TAMS 0x0000000089600000| PB 0x0000000089600000| Untracked 
| 151|0x0000000089700000, 0x0000000089800000, 0x0000000089800000|100%| O|  |TAMS 0x0000000089700000| PB 0x0000000089700000| Untracked 
| 152|0x0000000089800000, 0x0000000089900000, 0x0000000089900000|100%| O|  |TAMS 0x0000000089800000| PB 0x0000000089800000| Untracked 
| 153|0x0000000089900000, 0x0000000089a00000, 0x0000000089a00000|100%| O|  |TAMS 0x0000000089900000| PB 0x0000000089900000| Untracked 
| 154|0x0000000089a00000, 0x0000000089b00000, 0x0000000089b00000|100%| O|  |TAMS 0x0000000089a00000| PB 0x0000000089a00000| Untracked 
| 155|0x0000000089b00000, 0x0000000089c00000, 0x0000000089c00000|100%| O|  |TAMS 0x0000000089b00000| PB 0x0000000089b00000| Untracked 
| 156|0x0000000089c00000, 0x0000000089d00000, 0x0000000089d00000|100%|HS|  |TAMS 0x0000000089c00000| PB 0x0000000089c00000| Complete 
| 157|0x0000000089d00000, 0x0000000089e00000, 0x0000000089e00000|100%|HC|  |TAMS 0x0000000089d00000| PB 0x0000000089d00000| Complete 
| 158|0x0000000089e00000, 0x0000000089e00000, 0x0000000089f00000|  0%| F|  |TAMS 0x0000000089e00000| PB 0x0000000089e00000| Untracked 
| 159|0x0000000089f00000, 0x000000008a000000, 0x000000008a000000|100%| O|  |TAMS 0x0000000089f00000| PB 0x0000000089f00000| Untracked 
| 160|0x000000008a000000, 0x000000008a100000, 0x000000008a100000|100%|HS|  |TAMS 0x000000008a000000| PB 0x000000008a000000| Complete 
| 161|0x000000008a100000, 0x000000008a200000, 0x000000008a200000|100%|HC|  |TAMS 0x000000008a100000| PB 0x000000008a100000| Complete 
| 162|0x000000008a200000, 0x000000008a300000, 0x000000008a300000|100%| O|  |TAMS 0x000000008a200000| PB 0x000000008a200000| Untracked 
| 163|0x000000008a300000, 0x000000008a400000, 0x000000008a400000|100%| O|  |TAMS 0x000000008a300000| PB 0x000000008a300000| Untracked 
| 164|0x000000008a400000, 0x000000008a500000, 0x000000008a500000|100%| O|  |TAMS 0x000000008a400000| PB 0x000000008a400000| Untracked 
| 165|0x000000008a500000, 0x000000008a500000, 0x000000008a600000|  0%| F|  |TAMS 0x000000008a500000| PB 0x000000008a500000| Untracked 
| 166|0x000000008a600000, 0x000000008a600000, 0x000000008a700000|  0%| F|  |TAMS 0x000000008a600000| PB 0x000000008a600000| Untracked 
| 167|0x000000008a700000, 0x000000008a700000, 0x000000008a800000|  0%| F|  |TAMS 0x000000008a700000| PB 0x000000008a700000| Untracked 
| 168|0x000000008a800000, 0x000000008a800000, 0x000000008a900000|  0%| F|  |TAMS 0x000000008a800000| PB 0x000000008a800000| Untracked 
| 169|0x000000008a900000, 0x000000008a900000, 0x000000008aa00000|  0%| F|  |TAMS 0x000000008a900000| PB 0x000000008a900000| Untracked 
| 170|0x000000008aa00000, 0x000000008aa00000, 0x000000008ab00000|  0%| F|  |TAMS 0x000000008aa00000| PB 0x000000008aa00000| Untracked 
| 171|0x000000008ab00000, 0x000000008ab00000, 0x000000008ac00000|  0%| F|  |TAMS 0x000000008ab00000| PB 0x000000008ab00000| Untracked 
| 172|0x000000008ac00000, 0x000000008ac00000, 0x000000008ad00000|  0%| F|  |TAMS 0x000000008ac00000| PB 0x000000008ac00000| Untracked 
| 173|0x000000008ad00000, 0x000000008ad00000, 0x000000008ae00000|  0%| F|  |TAMS 0x000000008ad00000| PB 0x000000008ad00000| Untracked 
| 174|0x000000008ae00000, 0x000000008ae00000, 0x000000008af00000|  0%| F|  |TAMS 0x000000008ae00000| PB 0x000000008ae00000| Untracked 
| 175|0x000000008af00000, 0x000000008b000000, 0x000000008b000000|100%| O|  |TAMS 0x000000008af00000| PB 0x000000008af00000| Untracked 
| 176|0x000000008b000000, 0x000000008b100000, 0x000000008b100000|100%| O|  |TAMS 0x000000008b000000| PB 0x000000008b000000| Untracked 
| 177|0x000000008b100000, 0x000000008b200000, 0x000000008b200000|100%| O|  |TAMS 0x000000008b100000| PB 0x000000008b100000| Untracked 
| 178|0x000000008b200000, 0x000000008b300000, 0x000000008b300000|100%| O|  |TAMS 0x000000008b200000| PB 0x000000008b200000| Untracked 
| 179|0x000000008b300000, 0x000000008b400000, 0x000000008b400000|100%| O|  |TAMS 0x000000008b300000| PB 0x000000008b300000| Untracked 
| 180|0x000000008b400000, 0x000000008b500000, 0x000000008b500000|100%| O|  |TAMS 0x000000008b400000| PB 0x000000008b400000| Untracked 
| 181|0x000000008b500000, 0x000000008b600000, 0x000000008b600000|100%| O|  |TAMS 0x000000008b500000| PB 0x000000008b500000| Untracked 
| 182|0x000000008b600000, 0x000000008b700000, 0x000000008b700000|100%| O|  |TAMS 0x000000008b600000| PB 0x000000008b600000| Untracked 
| 183|0x000000008b700000, 0x000000008b800000, 0x000000008b800000|100%| O|  |TAMS 0x000000008b700000| PB 0x000000008b700000| Untracked 
| 184|0x000000008b800000, 0x000000008b900000, 0x000000008b900000|100%| O|  |TAMS 0x000000008b800000| PB 0x000000008b800000| Untracked 
| 185|0x000000008b900000, 0x000000008ba00000, 0x000000008ba00000|100%| O|  |TAMS 0x000000008b900000| PB 0x000000008b900000| Untracked 
| 186|0x000000008ba00000, 0x000000008bb00000, 0x000000008bb00000|100%| O|  |TAMS 0x000000008ba00000| PB 0x000000008ba00000| Untracked 
| 187|0x000000008bb00000, 0x000000008bc00000, 0x000000008bc00000|100%| O|  |TAMS 0x000000008bb00000| PB 0x000000008bb00000| Untracked 
| 188|0x000000008bc00000, 0x000000008bd00000, 0x000000008bd00000|100%| O|  |TAMS 0x000000008bc00000| PB 0x000000008bc00000| Untracked 
| 189|0x000000008bd00000, 0x000000008be00000, 0x000000008be00000|100%| O|  |TAMS 0x000000008bd00000| PB 0x000000008bd00000| Untracked 
| 190|0x000000008be00000, 0x000000008bf00000, 0x000000008bf00000|100%| O|  |TAMS 0x000000008be00000| PB 0x000000008be00000| Untracked 
| 191|0x000000008bf00000, 0x000000008c000000, 0x000000008c000000|100%| O|  |TAMS 0x000000008bf00000| PB 0x000000008bf00000| Untracked 
| 192|0x000000008c000000, 0x000000008c100000, 0x000000008c100000|100%| O|  |TAMS 0x000000008c000000| PB 0x000000008c000000| Untracked 
| 193|0x000000008c100000, 0x000000008c200000, 0x000000008c200000|100%| O|  |TAMS 0x000000008c100000| PB 0x000000008c100000| Untracked 
| 194|0x000000008c200000, 0x000000008c300000, 0x000000008c300000|100%| O|  |TAMS 0x000000008c200000| PB 0x000000008c200000| Untracked 
| 195|0x000000008c300000, 0x000000008c400000, 0x000000008c400000|100%| O|  |TAMS 0x000000008c300000| PB 0x000000008c300000| Untracked 
| 196|0x000000008c400000, 0x000000008c500000, 0x000000008c500000|100%| O|  |TAMS 0x000000008c400000| PB 0x000000008c400000| Untracked 
| 197|0x000000008c500000, 0x000000008c600000, 0x000000008c600000|100%| O|Cm|TAMS 0x000000008c500000| PB 0x000000008c500000| Complete 
| 198|0x000000008c600000, 0x000000008c700000, 0x000000008c700000|100%| O|  |TAMS 0x000000008c600000| PB 0x000000008c600000| Untracked 
| 199|0x000000008c700000, 0x000000008c800000, 0x000000008c800000|100%| O|  |TAMS 0x000000008c700000| PB 0x000000008c700000| Untracked 
| 200|0x000000008c800000, 0x000000008c900000, 0x000000008c900000|100%| O|  |TAMS 0x000000008c800000| PB 0x000000008c800000| Untracked 
| 201|0x000000008c900000, 0x000000008ca00000, 0x000000008ca00000|100%| O|  |TAMS 0x000000008c900000| PB 0x000000008c900000| Untracked 
| 202|0x000000008ca00000, 0x000000008cb00000, 0x000000008cb00000|100%| O|Cm|TAMS 0x000000008ca00000| PB 0x000000008ca00000| Complete 
| 203|0x000000008cb00000, 0x000000008cbc4090, 0x000000008cc00000| 76%| O|  |TAMS 0x000000008cb00000| PB 0x000000008cb00000| Untracked 
| 204|0x000000008cc00000, 0x000000008cc00000, 0x000000008cd00000|  0%| F|  |TAMS 0x000000008cc00000| PB 0x000000008cc00000| Untracked 
| 205|0x000000008cd00000, 0x000000008cd00000, 0x000000008ce00000|  0%| F|  |TAMS 0x000000008cd00000| PB 0x000000008cd00000| Untracked 
| 206|0x000000008ce00000, 0x000000008ce00000, 0x000000008cf00000|  0%| F|  |TAMS 0x000000008ce00000| PB 0x000000008ce00000| Untracked 
| 207|0x000000008cf00000, 0x000000008cf00000, 0x000000008d000000|  0%| F|  |TAMS 0x000000008cf00000| PB 0x000000008cf00000| Untracked 
| 208|0x000000008d000000, 0x000000008d000000, 0x000000008d100000|  0%| F|  |TAMS 0x000000008d000000| PB 0x000000008d000000| Untracked 
| 209|0x000000008d100000, 0x000000008d100000, 0x000000008d200000|  0%| F|  |TAMS 0x000000008d100000| PB 0x000000008d100000| Untracked 
| 210|0x000000008d200000, 0x000000008d200000, 0x000000008d300000|  0%| F|  |TAMS 0x000000008d200000| PB 0x000000008d200000| Untracked 
| 211|0x000000008d300000, 0x000000008d300000, 0x000000008d400000|  0%| F|  |TAMS 0x000000008d300000| PB 0x000000008d300000| Untracked 
| 212|0x000000008d400000, 0x000000008d400000, 0x000000008d500000|  0%| F|  |TAMS 0x000000008d400000| PB 0x000000008d400000| Untracked 
| 213|0x000000008d500000, 0x000000008d600000, 0x000000008d600000|100%| O|  |TAMS 0x000000008d500000| PB 0x000000008d500000| Untracked 
| 214|0x000000008d600000, 0x000000008d700000, 0x000000008d700000|100%| O|Cm|TAMS 0x000000008d600000| PB 0x000000008d600000| Complete 
| 215|0x000000008d700000, 0x000000008d800000, 0x000000008d800000|100%| O|Cm|TAMS 0x000000008d700000| PB 0x000000008d700000| Complete 
| 216|0x000000008d800000, 0x000000008d800000, 0x000000008d900000|  0%| F|  |TAMS 0x000000008d800000| PB 0x000000008d800000| Untracked 
| 217|0x000000008d900000, 0x000000008d900000, 0x000000008da00000|  0%| F|  |TAMS 0x000000008d900000| PB 0x000000008d900000| Untracked 
| 218|0x000000008da00000, 0x000000008da00000, 0x000000008db00000|  0%| F|  |TAMS 0x000000008da00000| PB 0x000000008da00000| Untracked 
| 219|0x000000008db00000, 0x000000008db00000, 0x000000008dc00000|  0%| F|  |TAMS 0x000000008db00000| PB 0x000000008db00000| Untracked 
| 220|0x000000008dc00000, 0x000000008dc00000, 0x000000008dd00000|  0%| F|  |TAMS 0x000000008dc00000| PB 0x000000008dc00000| Untracked 
| 221|0x000000008dd00000, 0x000000008dd00000, 0x000000008de00000|  0%| F|  |TAMS 0x000000008dd00000| PB 0x000000008dd00000| Untracked 
| 222|0x000000008de00000, 0x000000008de00000, 0x000000008df00000|  0%| F|  |TAMS 0x000000008de00000| PB 0x000000008de00000| Untracked 
| 223|0x000000008df00000, 0x000000008df00000, 0x000000008e000000|  0%| F|  |TAMS 0x000000008df00000| PB 0x000000008df00000| Untracked 
| 224|0x000000008e000000, 0x000000008e000000, 0x000000008e100000|  0%| F|  |TAMS 0x000000008e000000| PB 0x000000008e000000| Untracked 
| 225|0x000000008e100000, 0x000000008e100000, 0x000000008e200000|  0%| F|  |TAMS 0x000000008e100000| PB 0x000000008e100000| Untracked 
| 226|0x000000008e200000, 0x000000008e200000, 0x000000008e300000|  0%| F|  |TAMS 0x000000008e200000| PB 0x000000008e200000| Untracked 
| 227|0x000000008e300000, 0x000000008e300000, 0x000000008e400000|  0%| F|  |TAMS 0x000000008e300000| PB 0x000000008e300000| Untracked 
| 228|0x000000008e400000, 0x000000008e400000, 0x000000008e500000|  0%| F|  |TAMS 0x000000008e400000| PB 0x000000008e400000| Untracked 
| 229|0x000000008e500000, 0x000000008e500000, 0x000000008e600000|  0%| F|  |TAMS 0x000000008e500000| PB 0x000000008e500000| Untracked 
| 230|0x000000008e600000, 0x000000008e600000, 0x000000008e700000|  0%| F|  |TAMS 0x000000008e600000| PB 0x000000008e600000| Untracked 
| 231|0x000000008e700000, 0x000000008e700000, 0x000000008e800000|  0%| F|  |TAMS 0x000000008e700000| PB 0x000000008e700000| Untracked 
| 232|0x000000008e800000, 0x000000008e800000, 0x000000008e900000|  0%| F|  |TAMS 0x000000008e800000| PB 0x000000008e800000| Untracked 
| 233|0x000000008e900000, 0x000000008e900000, 0x000000008ea00000|  0%| F|  |TAMS 0x000000008e900000| PB 0x000000008e900000| Untracked 
| 234|0x000000008ea00000, 0x000000008ea00000, 0x000000008eb00000|  0%| F|  |TAMS 0x000000008ea00000| PB 0x000000008ea00000| Untracked 
| 235|0x000000008eb00000, 0x000000008eb00000, 0x000000008ec00000|  0%| F|  |TAMS 0x000000008eb00000| PB 0x000000008eb00000| Untracked 
| 236|0x000000008ec00000, 0x000000008ec00000, 0x000000008ed00000|  0%| F|  |TAMS 0x000000008ec00000| PB 0x000000008ec00000| Untracked 
| 237|0x000000008ed00000, 0x000000008ed00000, 0x000000008ee00000|  0%| F|  |TAMS 0x000000008ed00000| PB 0x000000008ed00000| Untracked 
| 238|0x000000008ee00000, 0x000000008ee00000, 0x000000008ef00000|  0%| F|  |TAMS 0x000000008ee00000| PB 0x000000008ee00000| Untracked 
| 239|0x000000008ef00000, 0x000000008ef00000, 0x000000008f000000|  0%| F|  |TAMS 0x000000008ef00000| PB 0x000000008ef00000| Untracked 
| 240|0x000000008f000000, 0x000000008f000000, 0x000000008f100000|  0%| F|  |TAMS 0x000000008f000000| PB 0x000000008f000000| Untracked 
| 241|0x000000008f100000, 0x000000008f100000, 0x000000008f200000|  0%| F|  |TAMS 0x000000008f100000| PB 0x000000008f100000| Untracked 
| 242|0x000000008f200000, 0x000000008f200000, 0x000000008f300000|  0%| F|  |TAMS 0x000000008f200000| PB 0x000000008f200000| Untracked 
| 243|0x000000008f300000, 0x000000008f300000, 0x000000008f400000|  0%| F|  |TAMS 0x000000008f300000| PB 0x000000008f300000| Untracked 
| 244|0x000000008f400000, 0x000000008f400000, 0x000000008f500000|  0%| F|  |TAMS 0x000000008f400000| PB 0x000000008f400000| Untracked 
| 245|0x000000008f500000, 0x000000008f500000, 0x000000008f600000|  0%| F|  |TAMS 0x000000008f500000| PB 0x000000008f500000| Untracked 
| 246|0x000000008f600000, 0x000000008f600000, 0x000000008f700000|  0%| F|  |TAMS 0x000000008f600000| PB 0x000000008f600000| Untracked 
| 247|0x000000008f700000, 0x000000008f700000, 0x000000008f800000|  0%| F|  |TAMS 0x000000008f700000| PB 0x000000008f700000| Untracked 
| 248|0x000000008f800000, 0x000000008f800000, 0x000000008f900000|  0%| F|  |TAMS 0x000000008f800000| PB 0x000000008f800000| Untracked 
| 249|0x000000008f900000, 0x000000008f900000, 0x000000008fa00000|  0%| F|  |TAMS 0x000000008f900000| PB 0x000000008f900000| Untracked 
| 250|0x000000008fa00000, 0x000000008fa00000, 0x000000008fb00000|  0%| F|  |TAMS 0x000000008fa00000| PB 0x000000008fa00000| Untracked 
| 251|0x000000008fb00000, 0x000000008fb00000, 0x000000008fc00000|  0%| F|  |TAMS 0x000000008fb00000| PB 0x000000008fb00000| Untracked 
| 252|0x000000008fc00000, 0x000000008fc00000, 0x000000008fd00000|  0%| F|  |TAMS 0x000000008fc00000| PB 0x000000008fc00000| Untracked 
| 253|0x000000008fd00000, 0x000000008fd00000, 0x000000008fe00000|  0%| F|  |TAMS 0x000000008fd00000| PB 0x000000008fd00000| Untracked 
| 254|0x000000008fe00000, 0x000000008fe00000, 0x000000008ff00000|  0%| F|  |TAMS 0x000000008fe00000| PB 0x000000008fe00000| Untracked 
| 255|0x000000008ff00000, 0x000000008ffea120, 0x0000000090000000| 91%| E|  |TAMS 0x000000008ff00000| PB 0x000000008ff00000| Complete 
| 256|0x0000000090000000, 0x0000000090100000, 0x0000000090100000|100%| E|CS|TAMS 0x0000000090000000| PB 0x0000000090000000| Complete 
| 257|0x0000000090100000, 0x0000000090200000, 0x0000000090200000|100%| E|CS|TAMS 0x0000000090100000| PB 0x0000000090100000| Complete 
| 258|0x0000000090200000, 0x0000000090300000, 0x0000000090300000|100%| E|CS|TAMS 0x0000000090200000| PB 0x0000000090200000| Complete 
| 259|0x0000000090300000, 0x0000000090400000, 0x0000000090400000|100%| E|CS|TAMS 0x0000000090300000| PB 0x0000000090300000| Complete 
| 260|0x0000000090400000, 0x0000000090500000, 0x0000000090500000|100%| E|CS|TAMS 0x0000000090400000| PB 0x0000000090400000| Complete 
| 261|0x0000000090500000, 0x0000000090600000, 0x0000000090600000|100%| E|CS|TAMS 0x0000000090500000| PB 0x0000000090500000| Complete 
| 262|0x0000000090600000, 0x0000000090700000, 0x0000000090700000|100%| E|CS|TAMS 0x0000000090600000| PB 0x0000000090600000| Complete 
| 263|0x0000000090700000, 0x0000000090800000, 0x0000000090800000|100%| E|CS|TAMS 0x0000000090700000| PB 0x0000000090700000| Complete 
| 264|0x0000000090800000, 0x0000000090900000, 0x0000000090900000|100%| E|CS|TAMS 0x0000000090800000| PB 0x0000000090800000| Complete 
| 265|0x0000000090900000, 0x0000000090a00000, 0x0000000090a00000|100%| E|CS|TAMS 0x0000000090900000| PB 0x0000000090900000| Complete 
| 266|0x0000000090a00000, 0x0000000090b00000, 0x0000000090b00000|100%| E|CS|TAMS 0x0000000090a00000| PB 0x0000000090a00000| Complete 
| 267|0x0000000090b00000, 0x0000000090c00000, 0x0000000090c00000|100%| E|CS|TAMS 0x0000000090b00000| PB 0x0000000090b00000| Complete 
| 268|0x0000000090c00000, 0x0000000090d00000, 0x0000000090d00000|100%| E|CS|TAMS 0x0000000090c00000| PB 0x0000000090c00000| Complete 
| 269|0x0000000090d00000, 0x0000000090e00000, 0x0000000090e00000|100%| E|CS|TAMS 0x0000000090d00000| PB 0x0000000090d00000| Complete 
| 270|0x0000000090e00000, 0x0000000090f00000, 0x0000000090f00000|100%| E|CS|TAMS 0x0000000090e00000| PB 0x0000000090e00000| Complete 
| 271|0x0000000090f00000, 0x0000000091000000, 0x0000000091000000|100%| E|CS|TAMS 0x0000000090f00000| PB 0x0000000090f00000| Complete 
| 272|0x0000000091000000, 0x0000000091100000, 0x0000000091100000|100%| E|CS|TAMS 0x0000000091000000| PB 0x0000000091000000| Complete 
| 273|0x0000000091100000, 0x0000000091200000, 0x0000000091200000|100%| E|CS|TAMS 0x0000000091100000| PB 0x0000000091100000| Complete 
| 274|0x0000000091200000, 0x0000000091300000, 0x0000000091300000|100%| E|CS|TAMS 0x0000000091200000| PB 0x0000000091200000| Complete 
| 275|0x0000000091300000, 0x0000000091400000, 0x0000000091400000|100%| E|CS|TAMS 0x0000000091300000| PB 0x0000000091300000| Complete 
| 276|0x0000000091400000, 0x0000000091500000, 0x0000000091500000|100%| E|CS|TAMS 0x0000000091400000| PB 0x0000000091400000| Complete 
| 277|0x0000000091500000, 0x0000000091600000, 0x0000000091600000|100%| E|CS|TAMS 0x0000000091500000| PB 0x0000000091500000| Complete 
| 278|0x0000000091600000, 0x0000000091700000, 0x0000000091700000|100%| E|CS|TAMS 0x0000000091600000| PB 0x0000000091600000| Complete 
| 279|0x0000000091700000, 0x0000000091800000, 0x0000000091800000|100%| E|CS|TAMS 0x0000000091700000| PB 0x0000000091700000| Complete 
| 280|0x0000000091800000, 0x0000000091900000, 0x0000000091900000|100%| E|CS|TAMS 0x0000000091800000| PB 0x0000000091800000| Complete 
| 281|0x0000000091900000, 0x0000000091a00000, 0x0000000091a00000|100%| E|CS|TAMS 0x0000000091900000| PB 0x0000000091900000| Complete 
| 282|0x0000000091a00000, 0x0000000091b00000, 0x0000000091b00000|100%| E|CS|TAMS 0x0000000091a00000| PB 0x0000000091a00000| Complete 
| 283|0x0000000091b00000, 0x0000000091c00000, 0x0000000091c00000|100%| E|CS|TAMS 0x0000000091b00000| PB 0x0000000091b00000| Complete 
| 284|0x0000000091c00000, 0x0000000091d00000, 0x0000000091d00000|100%| E|CS|TAMS 0x0000000091c00000| PB 0x0000000091c00000| Complete 
| 285|0x0000000091d00000, 0x0000000091e00000, 0x0000000091e00000|100%| E|CS|TAMS 0x0000000091d00000| PB 0x0000000091d00000| Complete 
| 286|0x0000000091e00000, 0x0000000091f00000, 0x0000000091f00000|100%| E|CS|TAMS 0x0000000091e00000| PB 0x0000000091e00000| Complete 
| 287|0x0000000091f00000, 0x0000000092000000, 0x0000000092000000|100%| E|CS|TAMS 0x0000000091f00000| PB 0x0000000091f00000| Complete 
| 288|0x0000000092000000, 0x0000000092100000, 0x0000000092100000|100%| E|CS|TAMS 0x0000000092000000| PB 0x0000000092000000| Complete 
| 289|0x0000000092100000, 0x0000000092200000, 0x0000000092200000|100%| E|CS|TAMS 0x0000000092100000| PB 0x0000000092100000| Complete 
| 290|0x0000000092200000, 0x0000000092300000, 0x0000000092300000|100%| E|CS|TAMS 0x0000000092200000| PB 0x0000000092200000| Complete 
| 291|0x0000000092300000, 0x0000000092400000, 0x0000000092400000|100%| E|CS|TAMS 0x0000000092300000| PB 0x0000000092300000| Complete 
| 292|0x0000000092400000, 0x0000000092500000, 0x0000000092500000|100%| E|CS|TAMS 0x0000000092400000| PB 0x0000000092400000| Complete 
| 293|0x0000000092500000, 0x0000000092600000, 0x0000000092600000|100%| E|CS|TAMS 0x0000000092500000| PB 0x0000000092500000| Complete 
| 294|0x0000000092600000, 0x0000000092700000, 0x0000000092700000|100%| E|CS|TAMS 0x0000000092600000| PB 0x0000000092600000| Complete 
| 295|0x0000000092700000, 0x0000000092800000, 0x0000000092800000|100%| E|CS|TAMS 0x0000000092700000| PB 0x0000000092700000| Complete 
| 296|0x0000000092800000, 0x0000000092900000, 0x0000000092900000|100%| E|CS|TAMS 0x0000000092800000| PB 0x0000000092800000| Complete 
| 297|0x0000000092900000, 0x0000000092a00000, 0x0000000092a00000|100%| S|CS|TAMS 0x0000000092900000| PB 0x0000000092900000| Complete 
| 298|0x0000000092a00000, 0x0000000092b00000, 0x0000000092b00000|100%| S|CS|TAMS 0x0000000092a00000| PB 0x0000000092a00000| Complete 
| 299|0x0000000092b00000, 0x0000000092c00000, 0x0000000092c00000|100%| S|CS|TAMS 0x0000000092b00000| PB 0x0000000092b00000| Complete 
| 300|0x0000000092c00000, 0x0000000092d00000, 0x0000000092d00000|100%| S|CS|TAMS 0x0000000092c00000| PB 0x0000000092c00000| Complete 
| 301|0x0000000092d00000, 0x0000000092e00000, 0x0000000092e00000|100%| S|CS|TAMS 0x0000000092d00000| PB 0x0000000092d00000| Complete 
| 302|0x0000000092e00000, 0x0000000092f00000, 0x0000000092f00000|100%| S|CS|TAMS 0x0000000092e00000| PB 0x0000000092e00000| Complete 
| 303|0x0000000092f00000, 0x0000000093000000, 0x0000000093000000|100%| S|CS|TAMS 0x0000000092f00000| PB 0x0000000092f00000| Complete 
| 304|0x0000000093000000, 0x0000000093100000, 0x0000000093100000|100%| E|CS|TAMS 0x0000000093000000| PB 0x0000000093000000| Complete 
| 305|0x0000000093100000, 0x0000000093200000, 0x0000000093200000|100%| E|CS|TAMS 0x0000000093100000| PB 0x0000000093100000| Complete 
| 306|0x0000000093200000, 0x0000000093300000, 0x0000000093300000|100%| E|CS|TAMS 0x0000000093200000| PB 0x0000000093200000| Complete 
| 307|0x0000000093300000, 0x0000000093400000, 0x0000000093400000|100%| E|CS|TAMS 0x0000000093300000| PB 0x0000000093300000| Complete 
| 308|0x0000000093400000, 0x0000000093500000, 0x0000000093500000|100%| E|CS|TAMS 0x0000000093400000| PB 0x0000000093400000| Complete 
| 309|0x0000000093500000, 0x0000000093600000, 0x0000000093600000|100%| E|CS|TAMS 0x0000000093500000| PB 0x0000000093500000| Complete 
| 310|0x0000000093600000, 0x0000000093700000, 0x0000000093700000|100%| E|  |TAMS 0x0000000093600000| PB 0x0000000093600000| Complete 
| 311|0x0000000093700000, 0x0000000093800000, 0x0000000093800000|100%| E|CS|TAMS 0x0000000093700000| PB 0x0000000093700000| Complete 
| 312|0x0000000093800000, 0x0000000093900000, 0x0000000093900000|100%| E|CS|TAMS 0x0000000093800000| PB 0x0000000093800000| Complete 
| 313|0x0000000093900000, 0x0000000093a00000, 0x0000000093a00000|100%| E|CS|TAMS 0x0000000093900000| PB 0x0000000093900000| Complete 
| 314|0x0000000093a00000, 0x0000000093b00000, 0x0000000093b00000|100%| E|CS|TAMS 0x0000000093a00000| PB 0x0000000093a00000| Complete 
| 315|0x0000000093b00000, 0x0000000093c00000, 0x0000000093c00000|100%| E|CS|TAMS 0x0000000093b00000| PB 0x0000000093b00000| Complete 
| 316|0x0000000093c00000, 0x0000000093d00000, 0x0000000093d00000|100%| E|CS|TAMS 0x0000000093c00000| PB 0x0000000093c00000| Complete 
| 317|0x0000000093d00000, 0x0000000093e00000, 0x0000000093e00000|100%| E|CS|TAMS 0x0000000093d00000| PB 0x0000000093d00000| Complete 
| 318|0x0000000093e00000, 0x0000000093f00000, 0x0000000093f00000|100%| E|CS|TAMS 0x0000000093e00000| PB 0x0000000093e00000| Complete 
| 319|0x0000000093f00000, 0x0000000094000000, 0x0000000094000000|100%| E|CS|TAMS 0x0000000093f00000| PB 0x0000000093f00000| Complete 
| 320|0x0000000094000000, 0x0000000094100000, 0x0000000094100000|100%| E|CS|TAMS 0x0000000094000000| PB 0x0000000094000000| Complete 
| 321|0x0000000094100000, 0x0000000094200000, 0x0000000094200000|100%| E|CS|TAMS 0x0000000094100000| PB 0x0000000094100000| Complete 
| 322|0x0000000094200000, 0x0000000094300000, 0x0000000094300000|100%| E|CS|TAMS 0x0000000094200000| PB 0x0000000094200000| Complete 
| 323|0x0000000094300000, 0x0000000094400000, 0x0000000094400000|100%| E|CS|TAMS 0x0000000094300000| PB 0x0000000094300000| Complete 
| 324|0x0000000094400000, 0x0000000094500000, 0x0000000094500000|100%| E|CS|TAMS 0x0000000094400000| PB 0x0000000094400000| Complete 
| 325|0x0000000094500000, 0x0000000094600000, 0x0000000094600000|100%| E|CS|TAMS 0x0000000094500000| PB 0x0000000094500000| Complete 
| 326|0x0000000094600000, 0x0000000094700000, 0x0000000094700000|100%| E|CS|TAMS 0x0000000094600000| PB 0x0000000094600000| Complete 
| 327|0x0000000094700000, 0x0000000094800000, 0x0000000094800000|100%| E|CS|TAMS 0x0000000094700000| PB 0x0000000094700000| Complete 
| 328|0x0000000094800000, 0x0000000094900000, 0x0000000094900000|100%| E|CS|TAMS 0x0000000094800000| PB 0x0000000094800000| Complete 
| 329|0x0000000094900000, 0x0000000094a00000, 0x0000000094a00000|100%| E|CS|TAMS 0x0000000094900000| PB 0x0000000094900000| Complete 
|2044|0x00000000ffc00000, 0x00000000ffd00000, 0x00000000ffd00000|100%| E|CS|TAMS 0x00000000ffc00000| PB 0x00000000ffc00000| Complete 
|2045|0x00000000ffd00000, 0x00000000ffe00000, 0x00000000ffe00000|100%| E|CS|TAMS 0x00000000ffd00000| PB 0x00000000ffd00000| Complete 
|2046|0x00000000ffe00000, 0x00000000fff00000, 0x00000000fff00000|100%| O|  |TAMS 0x00000000ffe00000| PB 0x00000000ffe00000| Untracked 
|2047|0x00000000fff00000, 0x0000000100000000, 0x0000000100000000|100%| O|  |TAMS 0x00000000fff00000| PB 0x00000000fff00000| Untracked 

Card table byte_map: [0x0000018f38530000,0x0000018f38930000] _byte_map_base: 0x0000018f38130000

Marking Bits: (CMBitMap*) 0x0000018f257bb180
 Bits: [0x0000018f38930000, 0x0000018f3a930000)

Polling page: 0x0000018f23570000

Metaspace:

Usage:
  Non-class:    135.73 MB used.
      Class:     20.98 MB used.
       Both:    156.70 MB used.

Virtual space:
  Non-class space:      192.00 MB reserved,     137.00 MB ( 71%) committed,  3 nodes.
      Class space:        1.00 GB reserved,      22.25 MB (  2%) committed,  1 nodes.
             Both:        1.19 GB reserved,     159.25 MB ( 13%) committed. 

Chunk freelists:
   Non-Class:  6.16 MB
       Class:  9.81 MB
        Both:  15.97 MB

MaxMetaspaceSize: unlimited
CompressedClassSpaceSize: 1.00 GB
Initial GC threshold: 21.00 MB
Current GC threshold: 264.94 MB
CDS: off
 - commit_granule_bytes: 65536.
 - commit_granule_words: 8192.
 - virtual_space_node_default_size: 8388608.
 - enlarge_chunks_in_place: 1.
 - use_allocation_guard: 0.


Internal statistics:

num_allocs_failed_limit: 9.
num_arena_births: 4958.
num_arena_deaths: 18.
num_vsnodes_births: 4.
num_vsnodes_deaths: 0.
num_space_committed: 2614.
num_space_uncommitted: 17.
num_chunks_returned_to_freelist: 189.
num_chunks_taken_from_freelist: 12041.
num_chunk_merges: 86.
num_chunk_splits: 7956.
num_chunks_enlarged: 5135.
num_inconsistent_stats: 0.

CodeHeap 'non-profiled nmethods': size=119168Kb used=12040Kb max_used=13526Kb free=107127Kb
 bounds [0x0000018f30450000, 0x0000018f31190000, 0x0000018f378b0000]
CodeHeap 'profiled nmethods': size=119104Kb used=29267Kb max_used=35601Kb free=89836Kb
 bounds [0x0000018f288b0000, 0x0000018f2ab80000, 0x0000018f2fd00000]
CodeHeap 'non-nmethods': size=7488Kb used=2822Kb max_used=4005Kb free=4665Kb
 bounds [0x0000018f2fd00000, 0x0000018f30100000, 0x0000018f30450000]
 total_blobs=15420 nmethods=14455 adapters=867
 compilation: enabled
              stopped_count=0, restarted_count=0
 full_count=0

Compilation events (20 events):
Event: 345.403 Thread 0x0000018f45f6ee70 nmethod 24353 0x0000018f30621310 code [0x0000018f306214a0, 0x0000018f30621568]
Event: 345.404 Thread 0x0000018f3daaad20 nmethod 24350 0x0000018f289b8a90 code [0x0000018f289b8cc0, 0x0000018f289b9368]
Event: 345.404 Thread 0x0000018f3daaad20 24354       3       com.android.tools.r8.graph.R2::a (14 bytes)
Event: 345.404 Thread 0x0000018f45f6ee70 24355       1       com.android.tools.r8.internal.Dn0::D (2 bytes)
Event: 345.404 Thread 0x0000018f45f6ee70 nmethod 24355 0x0000018f3062cb10 code [0x0000018f3062cca0, 0x0000018f3062cd68]
Event: 345.404 Thread 0x0000018f3dc142c0 24356       4       com.android.tools.r8.internal.Q5::n (5 bytes)
Event: 345.404 Thread 0x0000018f3daaad20 nmethod 24354 0x0000018f28bf6490 code [0x0000018f28bf6660, 0x0000018f28bf6910]
Event: 345.404 Thread 0x0000018f45f6ee70 24357       3       com.android.tools.r8.dex.H$$Lambda/0x00000001015770d0::applyAsInt (8 bytes)
Event: 345.404 Thread 0x0000018f3da584d0 24358       4       com.android.tools.r8.dex.y::c (134 bytes)
Event: 345.404 Thread 0x0000018f45f6ee70 nmethod 24357 0x0000018f28e15690 code [0x0000018f28e15840, 0x0000018f28e15a50]
Event: 345.405 Thread 0x0000018f3dc142c0 nmethod 24356 0x0000018f30633e90 code [0x0000018f30634020, 0x0000018f306340c0]
Event: 345.405 Thread 0x0000018f3dc142c0 24359       4       com.android.tools.r8.internal.NF::d (74 bytes)
Event: 345.406 Thread 0x0000018f3da584d0 nmethod 24358 0x0000018f3063d890 code [0x0000018f3063da20, 0x0000018f3063db08]
Event: 345.407 Thread 0x0000018f45f6ee70 24360       1       com.android.tools.r8.internal.Q5::t (2 bytes)
Event: 345.407 Thread 0x0000018f45f6ee70 nmethod 24360 0x0000018f30634590 code [0x0000018f30634720, 0x0000018f306347e8]
Event: 345.407 Thread 0x0000018f3dc142c0 nmethod 24359 0x0000018f30491490 code [0x0000018f30491620, 0x0000018f30491768]
Event: 345.409 Thread 0x0000018f3dc142c0 24361       4       com.android.tools.r8.internal.Y9::R (5 bytes)
Event: 345.410 Thread 0x0000018f3daaad20 24362       3       com.android.tools.r8.internal.RG::a (988 bytes)
Event: 345.410 Thread 0x0000018f45f6ee70 24363       3       com.android.tools.r8.internal.DG::<init> (13 bytes)
Event: 345.411 Thread 0x0000018f3da584d0 24368       4       com.android.tools.r8.internal.rH::get (95 bytes)

GC Heap History (20 events):
Event: 25.464 GC heap before
{Heap before GC invocations=53 (full 0):
 garbage-first heap   total 308224K, used 273375K [0x0000000080000000, 0x0000000100000000)
  region size 1024K, 132 young (135168K), 17 survivors (17408K)
 Metaspace       used 137200K, committed 139648K, reserved 1179648K
  class space    used 18206K, committed 19392K, reserved 1048576K
}
Event: 25.472 GC heap after
{Heap after GC invocations=54 (full 0):
 garbage-first heap   total 308224K, used 164002K [0x0000000080000000, 0x0000000100000000)
  region size 1024K, 9 young (9216K), 9 survivors (9216K)
 Metaspace       used 137200K, committed 139648K, reserved 1179648K
  class space    used 18206K, committed 19392K, reserved 1048576K
}
Event: 26.209 GC heap before
{Heap before GC invocations=55 (full 0):
 garbage-first heap   total 308224K, used 282786K [0x0000000080000000, 0x0000000100000000)
  region size 1024K, 121 young (123904K), 9 survivors (9216K)
 Metaspace       used 138934K, committed 141440K, reserved 1179648K
  class space    used 18450K, committed 19712K, reserved 1048576K
}
Event: 26.215 GC heap after
{Heap after GC invocations=56 (full 0):
 garbage-first heap   total 308224K, used 176775K [0x0000000080000000, 0x0000000100000000)
  region size 1024K, 16 young (16384K), 16 survivors (16384K)
 Metaspace       used 138934K, committed 141440K, reserved 1179648K
  class space    used 18450K, committed 19712K, reserved 1048576K
}
Event: 27.161 GC heap before
{Heap before GC invocations=56 (full 0):
 garbage-first heap   total 308224K, used 274055K [0x0000000080000000, 0x0000000100000000)
  region size 1024K, 112 young (114688K), 16 survivors (16384K)
 Metaspace       used 148492K, committed 150976K, reserved 1179648K
  class space    used 19871K, committed 21120K, reserved 1048576K
}
Event: 27.169 GC heap after
{Heap after GC invocations=57 (full 0):
 garbage-first heap   total 308224K, used 178390K [0x0000000080000000, 0x0000000100000000)
  region size 1024K, 4 young (4096K), 4 survivors (4096K)
 Metaspace       used 148492K, committed 150976K, reserved 1179648K
  class space    used 19871K, committed 21120K, reserved 1048576K
}
Event: 27.842 GC heap before
{Heap before GC invocations=57 (full 0):
 garbage-first heap   total 308224K, used 281814K [0x0000000080000000, 0x0000000100000000)
  region size 1024K, 106 young (108544K), 4 survivors (4096K)
 Metaspace       used 155989K, committed 158528K, reserved 1245184K
  class space    used 21053K, committed 22336K, reserved 1048576K
}
Event: 27.848 GC heap after
{Heap after GC invocations=58 (full 0):
 garbage-first heap   total 308224K, used 182110K [0x0000000080000000, 0x0000000100000000)
  region size 1024K, 7 young (7168K), 7 survivors (7168K)
 Metaspace       used 155989K, committed 158528K, reserved 1245184K
  class space    used 21053K, committed 22336K, reserved 1048576K
}
Event: 328.027 GC heap before
{Heap before GC invocations=59 (full 0):
 garbage-first heap   total 308224K, used 307038K [0x0000000080000000, 0x0000000100000000)
  region size 1024K, 87 young (89088K), 7 survivors (7168K)
 Metaspace       used 154512K, committed 156992K, reserved 1245184K
  class space    used 21036K, committed 22272K, reserved 1048576K
}
Event: 328.033 GC heap after
{Heap after GC invocations=60 (full 0):
 garbage-first heap   total 316416K, used 177904K [0x0000000080000000, 0x0000000100000000)
  region size 1024K, 8 young (8192K), 8 survivors (8192K)
 Metaspace       used 154512K, committed 156992K, reserved 1245184K
  class space    used 21036K, committed 22272K, reserved 1048576K
}
Event: 329.065 GC heap before
{Heap before GC invocations=60 (full 0):
 garbage-first heap   total 316416K, used 288496K [0x0000000080000000, 0x0000000100000000)
  region size 1024K, 117 young (119808K), 8 survivors (8192K)
 Metaspace       used 155011K, committed 157568K, reserved 1245184K
  class space    used 21042K, committed 22336K, reserved 1048576K
}
Event: 329.078 GC heap after
{Heap after GC invocations=61 (full 0):
 garbage-first heap   total 316416K, used 188320K [0x0000000080000000, 0x0000000100000000)
  region size 1024K, 15 young (15360K), 15 survivors (15360K)
 Metaspace       used 155011K, committed 157568K, reserved 1245184K
  class space    used 21042K, committed 22336K, reserved 1048576K
}
Event: 332.956 GC heap before
{Heap before GC invocations=61 (full 0):
 garbage-first heap   total 316416K, used 283552K [0x0000000080000000, 0x0000000100000000)
  region size 1024K, 109 young (111616K), 15 survivors (15360K)
 Metaspace       used 155212K, committed 157760K, reserved 1245184K
  class space    used 21043K, committed 22336K, reserved 1048576K
}
Event: 332.990 GC heap after
{Heap after GC invocations=62 (full 0):
 garbage-first heap   total 316416K, used 199998K [0x0000000080000000, 0x0000000100000000)
  region size 1024K, 11 young (11264K), 11 survivors (11264K)
 Metaspace       used 155212K, committed 157760K, reserved 1245184K
  class space    used 21043K, committed 22336K, reserved 1048576K
}
Event: 336.499 GC heap before
{Heap before GC invocations=63 (full 0):
 garbage-first heap   total 334848K, used 298302K [0x0000000080000000, 0x0000000100000000)
  region size 1024K, 96 young (98304K), 11 survivors (11264K)
 Metaspace       used 155610K, committed 158144K, reserved 1245184K
  class space    used 21080K, committed 22336K, reserved 1048576K
}
Event: 336.513 GC heap after
{Heap after GC invocations=64 (full 0):
 garbage-first heap   total 334848K, used 206961K [0x0000000080000000, 0x0000000100000000)
  region size 1024K, 8 young (8192K), 8 survivors (8192K)
 Metaspace       used 155610K, committed 158144K, reserved 1245184K
  class space    used 21080K, committed 22336K, reserved 1048576K
}
Event: 343.293 GC heap before
{Heap before GC invocations=64 (full 0):
 garbage-first heap   total 334848K, used 314481K [0x0000000080000000, 0x0000000100000000)
  region size 1024K, 104 young (106496K), 8 survivors (8192K)
 Metaspace       used 160212K, committed 162752K, reserved 1245184K
  class space    used 21482K, committed 22784K, reserved 1048576K
}
Event: 343.302 GC heap after
{Heap after GC invocations=65 (full 0):
 garbage-first heap   total 334848K, used 206046K [0x0000000080000000, 0x0000000100000000)
  region size 1024K, 6 young (6144K), 6 survivors (6144K)
 Metaspace       used 160212K, committed 162752K, reserved 1245184K
  class space    used 21482K, committed 22784K, reserved 1048576K
}
Event: 343.480 GC heap before
{Heap before GC invocations=65 (full 0):
 garbage-first heap   total 334848K, used 225502K [0x0000000080000000, 0x0000000100000000)
  region size 1024K, 27 young (27648K), 6 survivors (6144K)
 Metaspace       used 160219K, committed 162752K, reserved 1245184K
  class space    used 21482K, committed 22784K, reserved 1048576K
}
Event: 343.487 GC heap after
{Heap after GC invocations=66 (full 0):
 garbage-first heap   total 334848K, used 203536K [0x0000000080000000, 0x0000000100000000)
  region size 1024K, 7 young (7168K), 7 survivors (7168K)
 Metaspace       used 160219K, committed 162752K, reserved 1245184K
  class space    used 21482K, committed 22784K, reserved 1048576K
}

Dll operation events (3 events):
Event: 0.007 Loaded shared library E:\Android\jbr\bin\java.dll
Event: 0.012 Loaded shared library E:\Android\jbr\bin\zip.dll
Event: 0.315 Loaded shared library E:\Android\jbr\bin\verify.dll

Deoptimization events (20 events):
Event: 343.443 Thread 0x0000018f4a042060 Uncommon trap: trap_request=0xffffff45 fr.pc=0x0000018f3087c318 relative=0x0000000000000438
Event: 343.443 Thread 0x0000018f4a042060 Uncommon trap: reason=unstable_if action=reinterpret pc=0x0000018f3087c318 method=java.util.concurrent.ConcurrentLinkedQueue.offer(Ljava/lang/Object;)Z @ 96 c2
Event: 343.443 Thread 0x0000018f4a042060 DEOPT PACKING pc=0x0000018f3087c318 sp=0x0000008331afe860
Event: 343.443 Thread 0x0000018f4a042060 DEOPT UNPACKING pc=0x0000018f2fd546a2 sp=0x0000008331afe718 mode 2
Event: 343.444 Thread 0x0000018f4a043410 Uncommon trap: trap_request=0xffffff45 fr.pc=0x0000018f30e6ae08 relative=0x00000000000003c8
Event: 343.444 Thread 0x0000018f4a043410 Uncommon trap: reason=unstable_if action=reinterpret pc=0x0000018f30e6ae08 method=java.util.concurrent.ConcurrentLinkedQueue.offer(Ljava/lang/Object;)Z @ 96 c2
Event: 343.444 Thread 0x0000018f4a043410 DEOPT PACKING pc=0x0000018f30e6ae08 sp=0x00000083315fea00
Event: 343.444 Thread 0x0000018f4a043410 DEOPT UNPACKING pc=0x0000018f2fd546a2 sp=0x00000083315fe940 mode 2
Event: 343.460 Thread 0x0000018f50561080 DEOPT PACKING pc=0x0000018f2a56cd4b sp=0x000000832b9fb090
Event: 343.460 Thread 0x0000018f50561080 DEOPT UNPACKING pc=0x0000018f2fd54e42 sp=0x000000832b9fa568 mode 0
Event: 343.466 Thread 0x0000018f50561080 DEOPT PACKING pc=0x0000018f2a56cd4b sp=0x000000832b9fb090
Event: 343.466 Thread 0x0000018f50561080 DEOPT UNPACKING pc=0x0000018f2fd54e42 sp=0x000000832b9fa568 mode 0
Event: 343.473 Thread 0x0000018f50561080 DEOPT PACKING pc=0x0000018f2a56cd4b sp=0x000000832b9fb090
Event: 343.473 Thread 0x0000018f50561080 DEOPT UNPACKING pc=0x0000018f2fd54e42 sp=0x000000832b9fa568 mode 0
Event: 343.700 Thread 0x0000018f50568d30 DEOPT PACKING pc=0x0000018f28a19d80 sp=0x000000832c8fe520
Event: 343.700 Thread 0x0000018f50568d30 DEOPT UNPACKING pc=0x0000018f2fd54e42 sp=0x000000832c8fd9e0 mode 0
Event: 345.405 Thread 0x0000018f4a1be740 Uncommon trap: trap_request=0xffffffde fr.pc=0x0000018f30539ae0 relative=0x00000000000000a0
Event: 345.405 Thread 0x0000018f4a1be740 Uncommon trap: reason=class_check action=maybe_recompile pc=0x0000018f30539ae0 method=java.security.MessageDigest$Delegate.engineDigest([BII)I @ 7 c2
Event: 345.405 Thread 0x0000018f4a1be740 DEOPT PACKING pc=0x0000018f30539ae0 sp=0x00000083300fcb30
Event: 345.405 Thread 0x0000018f4a1be740 DEOPT UNPACKING pc=0x0000018f2fd546a2 sp=0x00000083300fca48 mode 2

Classes loaded (20 events):
Event: 28.429 Loading class javax/management/InstanceNotFoundException
Event: 28.429 Loading class javax/management/InstanceNotFoundException done
Event: 28.542 Loading class java/util/concurrent/CompletableFuture$AsyncRun
Event: 28.543 Loading class java/util/concurrent/CompletableFuture$AsyncRun done
Event: 43.473 Loading class java/lang/StackStreamFactory
Event: 43.475 Loading class java/lang/StackStreamFactory done
Event: 43.475 Loading class java/lang/StackWalker$ExtendedOption
Event: 43.475 Loading class java/lang/StackWalker$ExtendedOption done
Event: 43.475 Loading class java/lang/StackStreamFactory$StackFrameTraverser
Event: 43.476 Loading class java/lang/StackStreamFactory$StackFrameTraverser done
Event: 43.476 Loading class java/lang/StackStreamFactory$WalkerState
Event: 43.476 Loading class java/lang/StackStreamFactory$WalkerState done
Event: 43.476 Loading class java/lang/StackStreamFactory$StackFrameTraverser$StackFrameBuffer
Event: 43.476 Loading class java/lang/StackStreamFactory$FrameBuffer
Event: 43.477 Loading class java/lang/StackStreamFactory$FrameBuffer done
Event: 43.477 Loading class java/lang/StackStreamFactory$StackFrameTraverser$StackFrameBuffer done
Event: 43.478 Loading class java/util/logging/LogRecord
Event: 43.479 Loading class java/util/logging/LogRecord done
Event: 327.932 Loading class jdk/internal/math/FormattedFPDecimal
Event: 327.932 Loading class jdk/internal/math/FormattedFPDecimal done

Classes unloaded (20 events):
Event: 27.923 Thread 0x0000018f3ce59800 Unloading class 0x000000010123a698 'kotlin/jvm/internal/FunctionBase'
Event: 27.923 Thread 0x0000018f3ce59800 Unloading class 0x000000010123a488 'kotlin/jvm/functions/Function1'
Event: 27.923 Thread 0x0000018f3ce59800 Unloading class 0x000000010123a278 'kotlin/Function'
Event: 27.923 Thread 0x0000018f3ce59800 Unloading class 0x000000010123a000 'kotlin/KotlinNullPointerException'
Event: 27.923 Thread 0x0000018f3ce59800 Unloading class 0x0000000101239d18 'kotlin/UninitializedPropertyAccessException'
Event: 27.923 Thread 0x0000018f3ce59800 Unloading class 0x0000000101239b00 'kotlin/jvm/internal/Intrinsics'
Event: 27.923 Thread 0x0000018f3ce59800 Unloading class 0x00000001012398e8 'dagger/spi/internal/shaded/androidx/room/compiler/processing/XProcessingEnvConfig$Companion'
Event: 27.923 Thread 0x0000018f3ce59800 Unloading class 0x00000001012396d0 'dagger/spi/internal/shaded/androidx/room/compiler/processing/XProcessingEnvConfig'
Event: 27.923 Thread 0x0000018f3ce59800 Unloading class 0x00000001012394b0 'dagger/spi/internal/shaded/androidx/room/compiler/processing/XProcessingEnvConfig$Builder'
Event: 27.923 Thread 0x0000018f3ce59800 Unloading class 0x0000000101239298 'dagger/hilt/processor/internal/HiltProcessingEnvConfigs'
Event: 27.923 Thread 0x0000018f3ce59800 Unloading class 0x0000000101239000 'dagger/hilt/processor/internal/uninstallmodules/UninstallModulesProcessingStep'
Event: 27.923 Thread 0x0000018f3ce59800 Unloading class 0x0000000101238d10 'dagger/hilt/processor/internal/BaseProcessingStep'
Event: 27.923 Thread 0x0000018f3ce59800 Unloading class 0x0000000101238b00 'dagger/spi/internal/shaded/androidx/room/compiler/processing/XProcessingStep'
Event: 27.923 Thread 0x0000018f3ce59800 Unloading class 0x0000000101238800 'dagger/hilt/processor/internal/uninstallmodules/UninstallModulesProcessor'
Event: 27.923 Thread 0x0000018f3ce59800 Unloading class 0x0000000101238500 'dagger/hilt/processor/internal/JavacBaseProcessingStepProcessor'
Event: 27.923 Thread 0x0000018f3ce59800 Unloading class 0x0000000101238210 'dagger/spi/internal/shaded/androidx/room/compiler/processing/javac/JavacBasicAnnotationProcessor'
Event: 27.923 Thread 0x0000018f3ce59800 Unloading class 0x0000000101238000 'dagger/spi/internal/shaded/androidx/room/compiler/processing/XBasicAnnotationProcessor'
Event: 343.609 Thread 0x0000018f3ce59800 Unloading class 0x000000010147c400 'java/lang/invoke/LambdaForm$DMH+0x000000010147c400'
Event: 343.609 Thread 0x0000018f3ce59800 Unloading class 0x000000010145cc00 'java/lang/invoke/LambdaForm$DMH+0x000000010145cc00'
Event: 343.609 Thread 0x0000018f3ce59800 Unloading class 0x000000010145c400 'java/lang/invoke/LambdaForm$DMH+0x000000010145c400'

Classes redefined (0 events):
No events

Internal exceptions (20 events):
Event: 336.966 Thread 0x0000018f4a1be740 Exception <a 'sun/nio/fs/WindowsException'{0x0000000092951938}> (0x0000000092951938) 
thrown [s\src\hotspot\share\prims\jni.cpp, line 535]
Event: 336.969 Thread 0x0000018f4a1be740 Exception <a 'sun/nio/fs/WindowsException'{0x0000000092973ea0}> (0x0000000092973ea0) 
thrown [s\src\hotspot\share\prims\jni.cpp, line 535]
Event: 336.971 Thread 0x0000018f4a1be740 Exception <a 'sun/nio/fs/WindowsException'{0x0000000092982248}> (0x0000000092982248) 
thrown [s\src\hotspot\share\prims\jni.cpp, line 535]
Event: 336.972 Thread 0x0000018f4a1be740 Exception <a 'sun/nio/fs/WindowsException'{0x000000009299d6d8}> (0x000000009299d6d8) 
thrown [s\src\hotspot\share\prims\jni.cpp, line 535]
Event: 336.972 Thread 0x0000018f4a1be740 Exception <a 'sun/nio/fs/WindowsException'{0x000000009299e350}> (0x000000009299e350) 
thrown [s\src\hotspot\share\prims\jni.cpp, line 535]
Event: 336.972 Thread 0x0000018f4a1be740 Exception <a 'sun/nio/fs/WindowsException'{0x000000009299eed8}> (0x000000009299eed8) 
thrown [s\src\hotspot\share\prims\jni.cpp, line 535]
Event: 336.978 Thread 0x0000018f4a1be740 Exception <a 'sun/nio/fs/WindowsException'{0x00000000929f1a20}> (0x00000000929f1a20) 
thrown [s\src\hotspot\share\prims\jni.cpp, line 535]
Event: 336.978 Thread 0x0000018f4a1be740 Exception <a 'sun/nio/fs/WindowsException'{0x00000000929f26e8}> (0x00000000929f26e8) 
thrown [s\src\hotspot\share\prims\jni.cpp, line 535]
Event: 336.978 Thread 0x0000018f4a1be740 Exception <a 'sun/nio/fs/WindowsException'{0x00000000929f32c0}> (0x00000000929f32c0) 
thrown [s\src\hotspot\share\prims\jni.cpp, line 535]
Event: 336.983 Thread 0x0000018f4a1be740 Exception <a 'sun/nio/fs/WindowsException'{0x0000000092821358}> (0x0000000092821358) 
thrown [s\src\hotspot\share\prims\jni.cpp, line 535]
Event: 336.984 Thread 0x0000018f4a1be740 Exception <a 'sun/nio/fs/WindowsException'{0x0000000092821ff0}> (0x0000000092821ff0) 
thrown [s\src\hotspot\share\prims\jni.cpp, line 535]
Event: 336.984 Thread 0x0000018f4a1be740 Exception <a 'sun/nio/fs/WindowsException'{0x0000000092822b98}> (0x0000000092822b98) 
thrown [s\src\hotspot\share\prims\jni.cpp, line 535]
Event: 338.467 Thread 0x0000018f4a1be740 Exception <a 'java/lang/IncompatibleClassChangeError'{0x0000000091010f28}: Found class java.lang.Object, but interface was expected> (0x0000000091010f28) 
thrown [s\src\hotspot\share\interpreter\linkResolver.cpp, line 851]
Event: 338.472 Thread 0x0000018f4a1be740 Exception <a 'sun/nio/fs/WindowsException'{0x00000000910345b8}> (0x00000000910345b8) 
thrown [s\src\hotspot\share\prims\jni.cpp, line 535]
Event: 338.486 Thread 0x0000018f4a1be740 Exception <a 'sun/nio/fs/WindowsException'{0x0000000091069080}> (0x0000000091069080) 
thrown [s\src\hotspot\share\prims\jni.cpp, line 535]
Event: 345.006 Thread 0x0000018f4a1be740 Exception <a 'sun/nio/fs/WindowsException'{0x000000009373bca0}> (0x000000009373bca0) 
thrown [s\src\hotspot\share\prims\jni.cpp, line 535]
Event: 345.015 Thread 0x0000018f4a1be740 Exception <a 'sun/nio/fs/WindowsException'{0x000000009374b758}> (0x000000009374b758) 
thrown [s\src\hotspot\share\prims\jni.cpp, line 535]
Event: 345.167 Thread 0x0000018f50561080 Exception <a 'sun/nio/fs/WindowsException'{0x0000000093427088}> (0x0000000093427088) 
thrown [s\src\hotspot\share\prims\jni.cpp, line 535]
Event: 345.171 Thread 0x0000018f50561080 Exception <a 'sun/nio/fs/WindowsException'{0x00000000934281a8}> (0x00000000934281a8) 
thrown [s\src\hotspot\share\prims\jni.cpp, line 535]
Event: 345.406 Thread 0x0000018f4a1be740 Exception <a 'sun/nio/fs/WindowsException'{0x00000000904eb730}> (0x00000000904eb730) 
thrown [s\src\hotspot\share\prims\jni.cpp, line 535]

ZGC Phase Switch (0 events):
No events

VM Operations (20 events):
Event: 337.525 Executing VM operation: Cleanup done
Event: 338.527 Executing VM operation: Cleanup
Event: 338.527 Executing VM operation: Cleanup done
Event: 339.528 Executing VM operation: Cleanup
Event: 339.528 Executing VM operation: Cleanup done
Event: 341.541 Executing VM operation: Cleanup
Event: 341.542 Executing VM operation: Cleanup done
Event: 342.556 Executing VM operation: Cleanup
Event: 342.556 Executing VM operation: Cleanup done
Event: 343.293 Executing VM operation: G1CollectForAllocation (G1 Evacuation Pause)
Event: 343.302 Executing VM operation: G1CollectForAllocation (G1 Evacuation Pause) done
Event: 343.480 Executing VM operation: G1TryInitiateConcMark (G1 Humongous Allocation)
Event: 343.487 Executing VM operation: G1TryInitiateConcMark (G1 Humongous Allocation) done
Event: 343.607 Executing VM operation: G1PauseRemark
Event: 343.696 Executing VM operation: G1PauseRemark done
Event: 343.815 Executing VM operation: G1PauseCleanup
Event: 343.816 Executing VM operation: G1PauseCleanup done
Event: 344.827 Executing VM operation: Cleanup
Event: 344.828 Executing VM operation: Cleanup done
Event: 345.829 Executing VM operation: Cleanup

Memory protections (0 events):
No events

Nmethod flushes (20 events):
Event: 343.691 Thread 0x0000018f3ce59800 flushing  nmethod 0x0000018f2a4d6290
Event: 343.691 Thread 0x0000018f3ce59800 flushing  nmethod 0x0000018f2a4d6910
Event: 343.691 Thread 0x0000018f3ce59800 flushing  nmethod 0x0000018f2a4d6d10
Event: 343.691 Thread 0x0000018f3ce59800 flushing  nmethod 0x0000018f2a4d9910
Event: 343.691 Thread 0x0000018f3ce59800 flushing  nmethod 0x0000018f2a4d9e10
Event: 343.691 Thread 0x0000018f3ce59800 flushing  nmethod 0x0000018f2a52d490
Event: 343.691 Thread 0x0000018f3ce59800 flushing  nmethod 0x0000018f2a530c10
Event: 343.691 Thread 0x0000018f3ce59800 flushing  nmethod 0x0000018f2a537290
Event: 343.691 Thread 0x0000018f3ce59800 flushing  nmethod 0x0000018f2a537710
Event: 343.691 Thread 0x0000018f3ce59800 flushing  nmethod 0x0000018f2a53ce10
Event: 343.691 Thread 0x0000018f3ce59800 flushing  nmethod 0x0000018f2a5b4c10
Event: 343.691 Thread 0x0000018f3ce59800 flushing  nmethod 0x0000018f2a5b5810
Event: 343.691 Thread 0x0000018f3ce59800 flushing  nmethod 0x0000018f2a5bc990
Event: 343.691 Thread 0x0000018f3ce59800 flushing  nmethod 0x0000018f2a5bd590
Event: 343.691 Thread 0x0000018f3ce59800 flushing  nmethod 0x0000018f2a5bed90
Event: 343.691 Thread 0x0000018f3ce59800 flushing  nmethod 0x0000018f2a5c6010
Event: 343.691 Thread 0x0000018f3ce59800 flushing  nmethod 0x0000018f2a5c8b90
Event: 343.691 Thread 0x0000018f3ce59800 flushing  nmethod 0x0000018f2a7cba10
Event: 343.691 Thread 0x0000018f3ce59800 flushing  nmethod 0x0000018f2a7cd590
Event: 343.691 Thread 0x0000018f3ce59800 flushing  nmethod 0x0000018f2a846410

Events (20 events):
Event: 344.377 Thread 0x0000018f45f71e20 Thread exited: 0x0000018f45f71e20
Event: 344.379 Thread 0x0000018f45f71080 Thread exited: 0x0000018f45f71080
Event: 344.379 Thread 0x0000018f45f6bec0 Thread exited: 0x0000018f45f6bec0
Event: 345.005 Thread 0x0000018f45f6f540 Thread exited: 0x0000018f45f6f540
Event: 345.173 Thread 0x0000018f50561080 Thread added: 0x0000018f4fec7730
Event: 345.175 Thread 0x0000018f50561080 Thread added: 0x0000018f4fec6a10
Event: 345.176 Thread 0x0000018f50561080 Thread added: 0x0000018f4fec4940
Event: 345.178 Thread 0x0000018f50561080 Thread added: 0x0000018f4fec8450
Event: 345.180 Thread 0x0000018f50561080 Thread added: 0x0000018f4fec7dc0
Event: 345.182 Thread 0x0000018f50561080 Thread added: 0x0000018f4fec4fd0
Event: 345.183 Thread 0x0000018f50561080 Thread added: 0x0000018f4fec8ae0
Event: 345.186 Thread 0x0000018f50561080 Thread added: 0x0000018f4fec5660
Event: 345.188 Thread 0x0000018f50561080 Thread added: 0x0000018f4fec9170
Event: 345.189 Thread 0x0000018f45f6ee70 Thread added: 0x0000018f3dc142c0
Event: 345.189 Thread 0x0000018f50561080 Thread added: 0x0000018f4fec5cf0
Event: 345.189 Thread 0x0000018f45f6ee70 Thread added: 0x0000018f3dc12780
Event: 345.190 Thread 0x0000018f50561080 Thread added: 0x0000018f4fec9800
Event: 345.197 Thread 0x0000018f50561080 Thread added: 0x0000018f4fec9e90
Event: 345.229 Thread 0x0000018f3da584d0 Thread added: 0x0000018f477f9840
Event: 345.229 Thread 0x0000018f3da584d0 Thread added: 0x0000018f477f6f60


Dynamic libraries:
0x00007ff6e2a40000 - 0x00007ff6e2a4a000 	E:\Android\jbr\bin\java.exe
0x00007ffa5ab60000 - 0x00007ffa5adc7000 	C:\WINDOWS\SYSTEM32\ntdll.dll
0x00007ffa5a0e0000 - 0x00007ffa5a1a9000 	C:\WINDOWS\System32\KERNEL32.DLL
0x00007ffa57590000 - 0x00007ffa57987000 	C:\WINDOWS\System32\KERNELBASE.dll
0x00007ffa58610000 - 0x00007ffa5875b000 	C:\WINDOWS\System32\ucrtbase.dll
0x00007ffa45560000 - 0x00007ffa45578000 	E:\Android\jbr\bin\jli.dll
0x00007ffa41120000 - 0x00007ffa4113b000 	E:\Android\jbr\bin\VCRUNTIME140.dll
0x00007ffa58c90000 - 0x00007ffa58e56000 	C:\WINDOWS\System32\USER32.dll
0x00007ffa39980000 - 0x00007ffa39c12000 	C:\WINDOWS\WinSxS\amd64_microsoft.windows.common-controls_6595b64144ccf1df_6.0.26100.8457_none_3e0b2faee331e92d\COMCTL32.dll
0x00007ffa57c30000 - 0x00007ffa57c57000 	C:\WINDOWS\System32\win32u.dll
0x00007ffa59c30000 - 0x00007ffa59c5b000 	C:\WINDOWS\System32\GDI32.dll
0x00007ffa59d80000 - 0x00007ffa59e29000 	C:\WINDOWS\System32\msvcrt.dll
0x00007ffa57b00000 - 0x00007ffa57c2c000 	C:\WINDOWS\System32\gdi32full.dll
0x00007ffa58560000 - 0x00007ffa58603000 	C:\WINDOWS\System32\msvcp_win.dll
0x00007ffa5a1b0000 - 0x00007ffa5a1e2000 	C:\WINDOWS\System32\IMM32.DLL
0x00007ffa41670000 - 0x00007ffa4167c000 	E:\Android\jbr\bin\vcruntime140_1.dll
0x00007ffa0c590000 - 0x00007ffa0c61d000 	E:\Android\jbr\bin\msvcp140.dll
0x00007ff9cf8f0000 - 0x00007ff9d057b000 	E:\Android\jbr\bin\server\jvm.dll
0x00007ffa59210000 - 0x00007ffa592c6000 	C:\WINDOWS\System32\ADVAPI32.dll
0x00007ffa59e30000 - 0x00007ffa59ed7000 	C:\WINDOWS\System32\sechost.dll
0x00007ffa59c60000 - 0x00007ffa59d78000 	C:\WINDOWS\System32\RPCRT4.dll
0x00007ffa5a970000 - 0x00007ffa5a9f0000 	C:\WINDOWS\System32\WS2_32.dll
0x00007ffa54780000 - 0x00007ffa547b6000 	C:\WINDOWS\SYSTEM32\WINMM.dll
0x00007ffa39e80000 - 0x00007ffa39e8b000 	C:\WINDOWS\SYSTEM32\VERSION.dll
0x00007ffa57410000 - 0x00007ffa5746e000 	C:\WINDOWS\SYSTEM32\POWRPROF.dll
0x00007ffa573f0000 - 0x00007ffa57404000 	C:\WINDOWS\SYSTEM32\UMPDC.dll
0x00007ffa56320000 - 0x00007ffa5633b000 	C:\WINDOWS\SYSTEM32\kernel.appcore.dll
0x00007ffa41210000 - 0x00007ffa4121a000 	E:\Android\jbr\bin\jimage.dll
0x00007ffa55580000 - 0x00007ffa557c2000 	C:\WINDOWS\SYSTEM32\DBGHELP.DLL
0x00007ffa58e60000 - 0x00007ffa591e3000 	C:\WINDOWS\System32\combase.dll
0x00007ffa59b50000 - 0x00007ffa59c29000 	C:\WINDOWS\System32\OLEAUT32.dll
0x00007ffa37b40000 - 0x00007ffa37b7b000 	C:\WINDOWS\SYSTEM32\dbgcore.DLL
0x00007ffa57990000 - 0x00007ffa57a38000 	C:\WINDOWS\System32\bcryptPrimitives.dll
0x00007ffa4d9d0000 - 0x00007ffa4d9de000 	E:\Android\jbr\bin\instrument.dll
0x00007ffa41100000 - 0x00007ffa41120000 	E:\Android\jbr\bin\java.dll
0x00007ffa3a110000 - 0x00007ffa3a128000 	E:\Android\jbr\bin\zip.dll
0x00007ffa5a1f0000 - 0x00007ffa5a95e000 	C:\WINDOWS\System32\SHELL32.dll
0x00007ffa57cf0000 - 0x00007ffa5855c000 	C:\WINDOWS\System32\windows.storage.dll
0x00007ffa5aa10000 - 0x00007ffa5ab06000 	C:\WINDOWS\System32\SHCORE.dll
0x00007ffa58940000 - 0x00007ffa589a6000 	C:\WINDOWS\System32\shlwapi.dll
0x00007ffa574b0000 - 0x00007ffa574d9000 	C:\WINDOWS\SYSTEM32\profapi.dll
0x00007ffa410f0000 - 0x00007ffa41100000 	E:\Android\jbr\bin\net.dll
0x00007ffa4da90000 - 0x00007ffa4dbb9000 	C:\WINDOWS\SYSTEM32\WINHTTP.dll
0x00007ffa56890000 - 0x00007ffa568fc000 	C:\WINDOWS\system32\mswsock.dll
0x00007ffa18ec0000 - 0x00007ffa18ed6000 	E:\Android\jbr\bin\nio.dll
0x00007ffa11330000 - 0x00007ffa11340000 	E:\Android\jbr\bin\verify.dll
0x00007ffa11220000 - 0x00007ffa11247000 	C:\Users\ADMIN\.gradle\native\1def1411415f61bf3af743bc5b6707747c0891f09f0c88961ee8f79bc544acac\windows-amd64\native-platform.dll
0x00007ff9e17e0000 - 0x00007ff9e1858000 	C:\Users\ADMIN\.gradle\native\0.2.7\x86_64-windows-gnu\gradle-fileevents.dll
0x00007ffa17d60000 - 0x00007ffa17d69000 	E:\Android\jbr\bin\management.dll
0x00007ffa17660000 - 0x00007ffa1766b000 	E:\Android\jbr\bin\management_ext.dll
0x00007ffa5aa00000 - 0x00007ffa5aa08000 	C:\WINDOWS\System32\PSAPI.DLL
0x00007ffa55c10000 - 0x00007ffa55c42000 	C:\WINDOWS\SYSTEM32\IPHLPAPI.DLL
0x00007ffa5ab10000 - 0x00007ffa5ab1a000 	C:\WINDOWS\System32\NSI.dll
0x00007ffa17d70000 - 0x00007ffa17d79000 	E:\Android\jbr\bin\extnet.dll
0x00007ffa56b70000 - 0x00007ffa56b8b000 	C:\WINDOWS\SYSTEM32\CRYPTSP.dll
0x00007ffa56280000 - 0x00007ffa562b9000 	C:\WINDOWS\system32\rsaenh.dll
0x00007ffa56940000 - 0x00007ffa56973000 	C:\WINDOWS\SYSTEM32\USERENV.dll
0x00007ffa57480000 - 0x00007ffa574aa000 	C:\WINDOWS\SYSTEM32\bcrypt.dll
0x00007ffa56b90000 - 0x00007ffa56b9c000 	C:\WINDOWS\SYSTEM32\CRYPTBASE.dll
0x00007ffa17d20000 - 0x00007ffa17d28000 	C:\WINDOWS\system32\wshunix.dll
0x00007ffa245c0000 - 0x00007ffa245d8000 	C:\WINDOWS\system32\napinsp.dll
0x00007ffa55cd0000 - 0x00007ffa55e02000 	C:\WINDOWS\SYSTEM32\DNSAPI.dll
0x00007ffa245a0000 - 0x00007ffa245b3000 	C:\WINDOWS\System32\winrnr.dll
0x00007ffa24570000 - 0x00007ffa24592000 	C:\WINDOWS\system32\nlansp_c.dll
0x00007ffa44bb0000 - 0x00007ffa44bc6000 	C:\WINDOWS\system32\wshbth.dll
0x00007ffa4e7e0000 - 0x00007ffa4e7eb000 	C:\Windows\System32\rasadhlp.dll
0x00007ffa50a10000 - 0x00007ffa50a96000 	C:\WINDOWS\System32\fwpuclnt.dll
0x00007ffa421e0000 - 0x00007ffa421e7000 	E:\Android\jbr\bin\rmi.dll
0x00007ffa56440000 - 0x00007ffa56476000 	C:\WINDOWS\SYSTEM32\ntmarta.dll

dbghelp: loaded successfully - version: 4.0.5 - missing functions: none
symbol engine: initialized successfully - sym options: 0x614 - pdb path: .;E:\Android\jbr\bin;C:\WINDOWS\SYSTEM32;C:\WINDOWS\WinSxS\amd64_microsoft.windows.common-controls_6595b64144ccf1df_6.0.26100.8457_none_3e0b2faee331e92d;E:\Android\jbr\bin\server;C:\Users\ADMIN\.gradle\native\1def1411415f61bf3af743bc5b6707747c0891f09f0c88961ee8f79bc544acac\windows-amd64;C:\Users\ADMIN\.gradle\native\0.2.7\x86_64-windows-gnu

VM Arguments:
jvm_args: --add-opens=java.base/java.lang=ALL-UNNAMED --add-opens=java.base/java.lang.invoke=ALL-UNNAMED --add-opens=java.base/java.util=ALL-UNNAMED --add-opens=java.prefs/java.util.prefs=ALL-UNNAMED --add-exports=jdk.compiler/com.sun.tools.javac.api=ALL-UNNAMED --add-exports=jdk.compiler/com.sun.tools.javac.util=ALL-UNNAMED --add-opens=java.base/java.util=ALL-UNNAMED --add-opens=java.prefs/java.util.prefs=ALL-UNNAMED --add-opens=java.base/java.nio.charset=ALL-UNNAMED --add-opens=java.base/java.net=ALL-UNNAMED --add-opens=java.base/java.util.concurrent.atomic=ALL-UNNAMED --add-opens=java.xml/javax.xml.namespace=ALL-UNNAMED -Xmx2048m -Dfile.encoding=UTF-8 -Duser.country=US -Duser.language=en -Duser.variant -javaagent:C:\Users\ADMIN\.gradle\wrapper\dists\gradle-8.13-bin\5xuhj0ry160q40clulazy9h7d\gradle-8.13\lib\agents\gradle-instrumentation-agent-8.13.jar 
java_command: org.gradle.launcher.daemon.bootstrap.GradleDaemon 8.13
java_class_path (initial): C:\Users\ADMIN\.gradle\wrapper\dists\gradle-8.13-bin\5xuhj0ry160q40clulazy9h7d\gradle-8.13\lib\gradle-daemon-main-8.13.jar
Launcher Type: SUN_STANDARD

[Global flags]
     intx CICompilerCount                          = 12                                        {product} {ergonomic}
     uint ConcGCThreads                            = 3                                         {product} {ergonomic}
     uint G1ConcRefinementThreads                  = 13                                        {product} {ergonomic}
   size_t G1HeapRegionSize                         = 1048576                                   {product} {ergonomic}
    uintx GCDrainStackTargetSize                   = 64                                        {product} {ergonomic}
   size_t InitialHeapSize                          = 264241152                                 {product} {ergonomic}
   size_t MarkStackSize                            = 4194304                                   {product} {ergonomic}
   size_t MaxHeapSize                              = 2147483648                                {product} {command line}
   size_t MaxNewSize                               = 1287651328                                {product} {ergonomic}
   size_t MinHeapDeltaBytes                        = 1048576                                   {product} {ergonomic}
   size_t MinHeapSize                              = 8388608                                   {product} {ergonomic}
    uintx NonNMethodCodeHeapSize                   = 7602480                                {pd product} {ergonomic}
    uintx NonProfiledCodeHeapSize                  = 122027880                              {pd product} {ergonomic}
    uintx ProfiledCodeHeapSize                     = 122027880                              {pd product} {ergonomic}
    uintx ReservedCodeCacheSize                    = 251658240                              {pd product} {ergonomic}
     bool SegmentedCodeCache                       = true                                      {product} {ergonomic}
   size_t SoftMaxHeapSize                          = 2147483648                             {manageable} {ergonomic}
     bool UseCompressedOops                        = true                           {product lp64_product} {ergonomic}
     bool UseG1GC                                  = true                                      {product} {ergonomic}
     bool UseLargePagesIndividualAllocation        = false                                  {pd product} {ergonomic}

Logging:
Log output configuration:
 #0: stdout all=warning uptime,level,tags foldmultilines=false
 #1: stderr all=off uptime,level,tags foldmultilines=false

Environment Variables:
JAVA_HOME=C:\jdk-17.0.11
PATH=C:\Program Files\Common Files\Oracle\Java\javapath;C:\Program Files (x86)\Common Files\Oracle\Java\java8path;C:\Program Files (x86)\Common Files\Oracle\Java\javapath;C:\WINDOWS\system32;C:\WINDOWS;C:\WINDOWS\System32\Wbem;C:\WINDOWS\System32\WindowsPowerShell\v1.0\;C:\WINDOWS\System32\OpenSSH\;C:\Program Files\apache-maven-3.9.9\bin;C:\Program Files\dotnet\;C:\Program Files\Git LFS;C:\Program Files\Git\cmd;C:\Program Files (x86)\Microsoft SQL Server\160\Tools\Binn\;C:\Program Files\Microsoft SQL Server\160\Tools\Binn\;C:\Program Files\Microsoft SQL Server\Client SDK\ODBC\170\Tools\Binn\;C:\Program Files\Microsoft SQL Server\160\DTS\Binn\;C:\Program Files (x86)\Microsoft SQL Server\160\DTS\Binn\;C:\mingw32\bin;C:\ProgramData\chocolatey\bin;C:\Program Files\Docker\Docker\resources\bin;C:\Program Files\jdk-17.0.11\bin;E:\Program files\;C:\kafka_2.13-4.1.0\bin;C:\Program Files\MongoDB\Server\8.2\bin;C:\Program Files\Go\bin;C:\Strawberry\c\bin;C:\Strawberry\perl\site\bin;C:\Strawberry\perl\bin;C:\Users\ADMIN\AppData\Local\Programs\Python\Python311\Scripts\;C:\Users\ADMIN\AppData\Local\Programs\Python\Python311\;C:\Users\ADMIN\.cargo\bin;C:\Users\ADMIN\AppData\Local\Programs\Python\Python314\Scripts\;C:\Users\ADMIN\AppData\Local\Programs\Python\Python314\;C:\Users\ADMIN\AppData\Local\Programs\Python\Launcher\;C:\jdk-17.0.11\bin;C:\Program Files\Microsoft\jdk-11.0.16.101-hotspot\bin;C:\Program Files\Common Files\Oracle\Java\javapath;C:\Program Files (x86)\Common Files\Oracle\Java\javapath;C:\WINDOWS\system32;C:\WINDOWS;C:\WINDOWS\System32\Wbem;C:\WINDOWS\System32\WindowsPowerShell\v1.0\;C:\WINDOWS\System32\OpenSSH\;C:\Program Files\dotnet\;C:\Program Files\Git LFS;C:\Program Files\Git\cmd;C:\Program Files (x86)\Microsoft SQL Server\160\Tools\Binn\;C:\Program Files\Microsoft SQL Server\160\Tools\Binn\;C:\Program Files\Microsoft SQL Server\Client SDK\ODBC\170\Tools\Binn\;C:\Program Files\Microsoft SQL Server\160\DTS\Binn\;C:\Program Files (x86)\Microsoft SQL Server\160\DTS\Binn\;C:\mingw32\bin;C:\ProgramData\chocolatey\bin;C:\Program Files\nodejs\;C:\Program Files\Docker\Docker\resources\bin;C:\Program Files\apache-maven-3.9.9\bin;C:\Users\ADMIN\AppData\Local\Microsoft\WindowsApps;C:\Users\ADMIN\AppData\Local\Programs\Microsoft VS Code\bin;C:\Users\ADMIN\AppData\Local\GitHubDesktop\bin;C:\Program Files\JetBrains\Intelli;C:\Program Files\JetBrains\IntelliJ IDEA 2024.3.4\bin;;C:\Users\ADMIN\AppData\Roaming\npm;C:\Program Files\MongoDB\Server\8.2\bin;C:\Users\ADMIN\AppData\Local\Programs\mongosh\;C:\Users\ADMIN\go\bin;C:\Users\ADMIN\AppData\Local\Programs\MiKTeX\miktex\bin\x64\
USERNAME=ADMIN
OS=Windows_NT
PROCESSOR_IDENTIFIER=Intel64 Family 6 Model 154 Stepping 3, GenuineIntel
TMP=C:\Users\ADMIN\AppData\Local\Temp
TEMP=C:\Users\ADMIN\AppData\Local\Temp




Periodic native trim disabled

JNI global refs:
JNI global refs: 42, weak refs: 4

JNI global refs memory usage: 835, weak refs: 833

Process memory usage:
Resident Set Size: 694364K (4% of 16454388K total physical memory with 1580584K free physical memory)

OOME stack traces (most recent first):
Classloader memory used:
Loader org.gradle.internal.classloader.VisitableURLClassLoader$InstrumentingVisitableURLClassLoader: 53313K
Loader org.gradle.internal.classloader.VisitableURLClassLoader                         : 46402K
Loader bootstrap                                                                       : 32338K
Loader org.gradle.initialization.MixInLegacyTypesClassLoader                           : 12773K
Loader jdk.internal.loader.ClassLoaders$AppClassLoader                                 : 7090K
Loader java.net.URLClassLoader                                                         : 6811K
Loader jdk.internal.loader.ClassLoaders$PlatformClassLoader                            : 776K
Loader jdk.internal.reflect.DelegatingClassLoader                                      : 763K
Loader org.gradle.internal.classloader.VisitableURLClassLoader                         : 240K
Loader sun.reflect.misc.MethodUtil                                                     : 2952B

Classes loaded by more than one classloader:
Class Program                                                                         : loaded 5 times (x 68B)
Class kotlin.NotImplementedError                                                      : loaded 3 times (x 78B)
Class kotlin.text.StringsKt__StringsKt                                                : loaded 3 times (x 67B)
Class kotlin.ranges.IntProgression                                                    : loaded 3 times (x 77B)
Class com.google.common.collect.RegularImmutableSet                                   : loaded 3 times (x 145B)
Class com.google.common.collect.Iterators$MergingIterator                             : loaded 3 times (x 77B)
Class kotlin.collections.CollectionsKt                                                : loaded 3 times (x 67B)
Class com.google.common.base.CharMatcher$IsEither                                     : loaded 3 times (x 107B)
Class kotlin.collections.CollectionsKt__ReversedViewsKt                               : loaded 3 times (x 67B)
Class com.google.common.collect.ImmutableList$SubList                                 : loaded 3 times (x 205B)
Class com.google.common.collect.ImmutableSet$SetBuilderImpl                           : loaded 3 times (x 72B)
Class com.google.common.collect.ImmutableList                                         : loaded 3 times (x 202B)
Class com.google.common.collect.ImmutableSet$EmptySetBuilderImpl                      : loaded 3 times (x 72B)
Class com.google.common.collect.ImmutableEnumSet                                      : loaded 3 times (x 142B)
Class com.google.common.collect.ImmutableList$1                                       : loaded 3 times (x 93B)
Class Build_gradle                                                                    : loaded 3 times (x 126B)
Class kotlin.jvm.internal.markers.KMappedMarker                                       : loaded 3 times (x 66B)
Class com.google.common.collect.ImmutableSet$Builder                                  : loaded 3 times (x 81B)
Class com.google.common.base.CharMatcher$InRange                                      : loaded 3 times (x 107B)
Class com.google.common.collect.RegularImmutableMap                                   : loaded 3 times (x 117B)
Class com.google.common.collect.ImmutableMap$MapViewOfValuesAsSingletonSets           : loaded 3 times (x 122B)
Class kotlin.ranges.IntProgression$Companion                                          : loaded 3 times (x 67B)
Class com.google.common.collect.SetMultimap                                           : loaded 3 times (x 66B)
Class com.google.common.collect.UnmodifiableListIterator                              : loaded 3 times (x 91B)
Class kotlin.NoWhenBranchMatchedException                                             : loaded 3 times (x 78B)
Class kotlin.Lazy                                                                     : loaded 3 times (x 66B)
Class com.google.common.collect.Maps$BiMapConverter                                   : loaded 3 times (x 86B)
Class com.google.common.collect.ImmutableMapEntrySet$RegularEntrySet                  : loaded 3 times (x 148B)
Class com.google.common.base.Suppliers                                                : loaded 3 times (x 67B)
Class kotlin.text.StringsKt__StringBuilderKt                                          : loaded 3 times (x 67B)
Class kotlin.collections.ArraysKt__ArraysJVMKt                                        : loaded 3 times (x 67B)
Class com.google.common.base.CharMatcher$NamedFastMatcher                             : loaded 3 times (x 108B)
Class com.google.common.base.CharMatcher$1                                            : loaded 3 times (x 109B)
Class com.google.common.base.Joiner$2                                                 : loaded 3 times (x 75B)
Class kotlin.LazyKt                                                                   : loaded 3 times (x 67B)
Class com.google.common.collect.PeekingIterator                                       : loaded 3 times (x 66B)
Class kotlin.collections.SetsKt__SetsKt                                               : loaded 3 times (x 67B)
Class com.google.common.base.CharMatcher                                              : loaded 3 times (x 107B)
Class [Lcom.google.common.collect.ImmutableMapEntry;                                  : loaded 3 times (x 65B)
Class com.google.common.base.Joiner$1                                                 : loaded 3 times (x 76B)
Class kotlin.collections.ArraysKt                                                     : loaded 3 times (x 67B)
Class kotlin.text.CharsKt__CharKt                                                     : loaded 3 times (x 67B)
Class com.google.common.collect.ImmutableEnumMap                                      : loaded 3 times (x 122B)
Class com.google.common.collect.ListMultimap                                          : loaded 3 times (x 66B)
Class kotlin.text.StringsKt__AppendableKt                                             : loaded 3 times (x 67B)
Class com.google.common.base.Preconditions                                            : loaded 3 times (x 67B)
Class com.google.common.collect.Sets$1                                                : loaded 3 times (x 135B)
Class com.google.common.collect.Hashing                                               : loaded 3 times (x 67B)
Class kotlin.ranges.RangesKt___RangesKt                                               : loaded 3 times (x 67B)
Class com.google.common.base.CharMatcher$Is                                           : loaded 3 times (x 107B)
Class com.google.common.collect.Sets$2                                                : loaded 3 times (x 135B)
Class com.google.common.base.CharMatcher$Negated                                      : loaded 3 times (x 109B)
Class kotlin.text.StringsKt__StringNumberConversionsJVMKt                             : loaded 3 times (x 67B)
Class com.google.common.collect.RegularImmutableBiMap                                 : loaded 3 times (x 145B)
Class kotlin.KotlinNullPointerException                                               : loaded 3 times (x 79B)
Class kotlin.ranges.OpenEndRange                                                      : loaded 3 times (x 66B)
Class kotlin.collections.CollectionsKt__IterablesKt                                   : loaded 3 times (x 67B)
Class kotlin.collections.MapsKt                                                       : loaded 3 times (x 67B)
Class com.google.common.collect.Sets$3                                                : loaded 3 times (x 135B)
Class com.google.common.base.Suppliers$NonSerializableMemoizingSupplier               : loaded 3 times (x 75B)
Class com.google.common.collect.RegularImmutableMap$BucketOverflowException           : loaded 3 times (x 78B)
Class kotlin.jvm.internal.Intrinsics                                                  : loaded 3 times (x 67B)
Class kotlin.ranges.IntRange$Companion                                                : loaded 3 times (x 67B)
Class com.google.common.collect.ImmutableSet$RegularSetBuilderImpl                    : loaded 3 times (x 73B)
Class kotlin.collections.CollectionsKt__MutableCollectionsJVMKt                       : loaded 3 times (x 67B)
Class com.google.common.collect.Sets$4                                                : loaded 3 times (x 135B)
Class kotlin.text.StringsKt___StringsKt                                               : loaded 3 times (x 67B)
Class kotlin.collections.MapsKt__MapWithDefaultKt                                     : loaded 3 times (x 67B)
Class kotlin.collections.MapsKt___MapsKt                                              : loaded 3 times (x 67B)
Class kotlin.collections.ArraysKt___ArraysKt                                          : loaded 3 times (x 67B)
Class com.google.common.collect.SortedMapDifference                                   : loaded 3 times (x 66B)
Class kotlin.text.StringsKt___StringsJvmKt                                            : loaded 3 times (x 67B)
Class com.google.common.collect.CollectPreconditions                                  : loaded 3 times (x 67B)
Class com.google.common.base.Suppliers$MemoizingSupplier                              : loaded 3 times (x 75B)
Class kotlin.collections.CollectionsKt___CollectionsKt                                : loaded 3 times (x 67B)
Class com.google.common.collect.ArrayListMultimap                                     : loaded 3 times (x 168B)
Class com.google.common.collect.ImmutableEntry                                        : loaded 3 times (x 78B)
Class [Lcom.google.common.collect.AbstractMapEntry;                                   : loaded 3 times (x 65B)
Class kotlin.collections.MapsKt___MapsJvmKt                                           : loaded 3 times (x 67B)
Class com.google.common.base.CharMatcher$NegatedFastMatcher                           : loaded 3 times (x 109B)
Class com.google.common.collect.MapDifference                                         : loaded 3 times (x 66B)
Class kotlin.text.StringsKt__RegexExtensionsJVMKt                                     : loaded 3 times (x 67B)
Class kotlin.collections.ArraysKt___ArraysJvmKt                                       : loaded 3 times (x 67B)
Class kotlin.collections.CollectionsKt__CollectionsKt                                 : loaded 3 times (x 67B)
Class com.google.common.collect.ImmutableMap                                          : loaded 3 times (x 116B)
Class com.google.common.base.Predicate                                                : loaded 3 times (x 66B)
Class kotlin.jvm.functions.Function1                                                  : loaded 3 times (x 66B)
Class com.google.common.base.CharMatcher$FastMatcher                                  : loaded 3 times (x 107B)
Class com.google.common.collect.Sets                                                  : loaded 3 times (x 67B)
Class kotlin.jvm.functions.Function0                                                  : loaded 3 times (x 66B)
Class kotlin.collections.ArraysUtilJVM                                                : loaded 3 times (x 67B)
Class kotlin.ranges.RangesKt                                                          : loaded 3 times (x 67B)
Class com.google.common.base.Supplier                                                 : loaded 3 times (x 66B)
Class com.google.common.base.CharMatcher$Or                                           : loaded 3 times (x 108B)
Class com.google.common.collect.Iterators$ArrayItr                                    : loaded 3 times (x 93B)
Class com.google.common.collect.ImmutableCollection$Builder                           : loaded 3 times (x 72B)
Class kotlin.jvm.internal.FunctionBase                                                : loaded 3 times (x 66B)
Class kotlin.collections.CollectionsKt___CollectionsJvmKt                             : loaded 3 times (x 67B)
Class com.google.common.collect.ImmutableSet                                          : loaded 3 times (x 141B)
Class com.google.common.base.CharMatcher$BitSetMatcher                                : loaded 3 times (x 108B)
Class com.google.common.collect.RegularImmutableMap$Values                            : loaded 3 times (x 203B)
Class kotlin.text.CharsKt__CharJVMKt                                                  : loaded 3 times (x 67B)
Class kotlin.ranges.RangesKt__RangesKt                                                : loaded 3 times (x 67B)
Class com.google.common.math.IntMath$1                                                : loaded 3 times (x 67B)
Class com.google.common.base.Joiner                                                   : loaded 3 times (x 75B)
Class kotlin.collections.SetsKt___SetsKt                                              : loaded 3 times (x 67B)
Class kotlin.collections.CollectionsKt__IteratorsJVMKt                                : loaded 3 times (x 67B)
Class kotlin.UNINITIALIZED_VALUE                                                      : loaded 3 times (x 67B)
Class kotlin.LazyKt__LazyKt                                                           : loaded 3 times (x 67B)
Class com.google.common.collect.Platform                                              : loaded 3 times (x 67B)
Class com.google.common.collect.UnmodifiableIterator                                  : loaded 3 times (x 76B)
Class kotlin.text.StringsKt__StringBuilderJVMKt                                       : loaded 3 times (x 67B)
Class com.google.common.collect.Sets$SetView                                          : loaded 3 times (x 134B)
Class com.google.common.collect.Maps$8                                                : loaded 3 times (x 78B)
Class com.google.common.collect.SingletonImmutableBiMap                               : loaded 3 times (x 139B)
Class com.google.common.collect.AbstractMapEntry                                      : loaded 3 times (x 77B)
Class com.google.common.base.Ascii                                                    : loaded 3 times (x 67B)
Class Build_gradle$1                                                                  : loaded 3 times (x 70B)
Class kotlin.SynchronizedLazyImpl                                                     : loaded 3 times (x 72B)
Class kotlin.text.StringsKt__RegexExtensionsKt                                        : loaded 3 times (x 67B)
Class [Lcom.google.common.collect.ImmutableEntry;                                     : loaded 3 times (x 65B)
Class com.google.common.collect.Maps                                                  : loaded 3 times (x 67B)
Class com.google.common.collect.AbstractMultimap                                      : loaded 3 times (x 119B)
Class kotlin.collections.CollectionsKt__MutableCollectionsKt                          : loaded 3 times (x 67B)
Class com.google.common.collect.RegularImmutableList                                  : loaded 3 times (x 209B)
Class com.google.common.base.Function                                                 : loaded 3 times (x 66B)
Class com.google.common.collect.ImmutableMapEntry$NonTerminalImmutableMapEntry        : loaded 3 times (x 81B)
Class kotlin.ranges.IntRange                                                          : loaded 3 times (x 89B)
Class com.google.common.collect.ImmutableMapEntry                                     : loaded 3 times (x 81B)
Class com.google.common.math.IntMath                                                  : loaded 3 times (x 67B)
Class com.google.common.collect.RegularImmutableAsList                                : loaded 3 times (x 213B)
Class com.google.common.collect.RegularImmutableSortedSet                             : loaded 3 times (x 296B)
Class com.google.common.base.CharMatcher$IsNot                                        : loaded 3 times (x 107B)
Class com.google.common.collect.ImmutableSortedSet                                    : loaded 3 times (x 296B)
Class kotlin.text.StringsKt__StringNumberConversionsKt                                : loaded 3 times (x 67B)
Class com.google.common.collect.Maps$EntryTransformer                                 : loaded 3 times (x 66B)
Class com.google.common.collect.Iterators                                             : loaded 3 times (x 67B)
Class kotlin.text.CharsKt                                                             : loaded 3 times (x 67B)
Class kotlin.LazyKt__LazyJVMKt                                                        : loaded 3 times (x 67B)
Class kotlin.text.StringsKt                                                           : loaded 3 times (x 67B)
Class com.google.common.collect.ImmutableAsList                                       : loaded 3 times (x 205B)
Class com.google.common.collect.Iterators$9                                           : loaded 3 times (x 77B)
Class com.google.common.collect.AbstractMapBasedMultimap                              : loaded 3 times (x 135B)
Class kotlin.collections.CollectionsKt__IteratorsKt                                   : loaded 3 times (x 67B)
Class com.google.common.collect.ImmutableSet$CachingAsList                            : loaded 3 times (x 144B)
Class com.google.common.base.Converter                                                : loaded 3 times (x 86B)
Class kotlin.collections.CollectionsKt__CollectionsJVMKt                              : loaded 3 times (x 67B)
Class com.google.common.collect.ImmutableBiMap$Builder                                : loaded 3 times (x 78B)
Class com.google.common.base.CharMatcher$And                                          : loaded 3 times (x 108B)
Class kotlin.collections.MapsKt__MapsJVMKt                                            : loaded 3 times (x 67B)
Class com.google.common.collect.ImmutableCollection                                   : loaded 3 times (x 121B)
Class com.google.common.base.CharMatcher$AnyOf                                        : loaded 3 times (x 108B)
Class com.google.common.base.CharMatcher$ForPredicate                                 : loaded 3 times (x 108B)
Class com.google.common.collect.ImmutableSet$JdkBackedSetBuilderImpl                  : loaded 3 times (x 72B)
Class com.google.common.collect.Iterators$5                                           : loaded 3 times (x 78B)
Class com.google.common.collect.IndexedImmutableSet                                   : loaded 3 times (x 148B)
Class com.google.common.collect.ImmutableMap$1                                        : loaded 3 times (x 77B)
Class com.google.common.collect.BiMap                                                 : loaded 3 times (x 66B)
Class com.google.common.collect.Iterators$4                                           : loaded 3 times (x 78B)
Class com.google.common.collect.AbstractListMultimap                                  : loaded 3 times (x 168B)
Class com.google.common.collect.ImmutableBiMap                                        : loaded 3 times (x 139B)
Class com.google.common.collect.SortedIterable                                        : loaded 3 times (x 66B)
Class com.google.common.primitives.Ints                                               : loaded 3 times (x 67B)
Class com.google.common.collect.AbstractIterator                                      : loaded 3 times (x 78B)
Class kotlin.UninitializedPropertyAccessException                                     : loaded 3 times (x 78B)
Class com.google.common.collect.SingletonImmutableSet                                 : loaded 3 times (x 142B)
Class com.google.common.collect.ImmutableMap$IteratorBasedImmutableMap                : loaded 3 times (x 122B)
Class com.google.common.collect.Multiset                                              : loaded 3 times (x 66B)
Class com.google.common.collect.ArrayListMultimapGwtSerializationDependencies         : loaded 3 times (x 168B)
Class com.google.common.collect.ObjectArrays                                          : loaded 3 times (x 67B)
Class com.google.common.collect.AbstractIndexedListIterator                           : loaded 3 times (x 92B)
Class com.google.common.math.MathPreconditions                                        : loaded 3 times (x 67B)
Class kotlin.collections.ArraysKt__ArraysKt                                           : loaded 3 times (x 67B)
Class com.google.common.collect.Iterators$1                                           : loaded 3 times (x 77B)
Class kotlin.jvm.internal.Lambda                                                      : loaded 3 times (x 71B)
Class com.google.common.collect.ImmutableMapEntrySet                                  : loaded 3 times (x 148B)
Class kotlin.collections.SetsKt__SetsJVMKt                                            : loaded 3 times (x 67B)
Class kotlin.collections.MapsKt__MapsKt                                               : loaded 3 times (x 67B)
Class kotlin.Function                                                                 : loaded 3 times (x 66B)
Class com.google.common.collect.ImmutableList$ReverseImmutableList                    : loaded 3 times (x 205B)
Class kotlin.internal.ProgressionUtilKt                                               : loaded 3 times (x 67B)
Class com.google.common.collect.RegularImmutableMap$KeySet                            : loaded 3 times (x 148B)
Class kotlin.text.StringsKt__IndentKt                                                 : loaded 3 times (x 67B)
Class com.google.common.collect.SingletonImmutableList                                : loaded 3 times (x 203B)
Class kotlin.collections.SetsKt                                                       : loaded 3 times (x 67B)
Class kotlin.text.StringsKt__StringsJVMKt                                             : loaded 3 times (x 67B)
Class kotlin.ranges.ClosedRange                                                       : loaded 3 times (x 66B)
Class com.google.common.collect.ImmutableMap$Builder                                  : loaded 3 times (x 78B)
Class com.google.common.collect.Multimap                                              : loaded 3 times (x 66B)
Class com.google.common.primitives.IntsMethodsForWeb                                  : loaded 3 times (x 67B)
Class com.google.common.collect.Maps$EntryFunction$1                                  : loaded 2 times (x 87B)
Class com.google.common.base.Present                                                  : loaded 2 times (x 77B)
Class com.google.common.collect.AbstractMapBasedMultimap$WrappedCollection$WrappedIterator: loaded 2 times (x 80B)
Class com.google.common.cache.RemovalListener                                         : loaded 2 times (x 66B)
Class org.gradle.api.internal.DefaultClassPathRegistry                                : loaded 2 times (x 72B)
Class com.google.common.util.concurrent.AbstractFuture$Cancellation                   : loaded 2 times (x 68B)
Class com.google.common.collect.ImmutableMultimap$Keys                                : loaded 2 times (x 162B)
Class com.google.common.base.NullnessCasts                                            : loaded 2 times (x 67B)
Class com.google.common.cache.Cache                                                   : loaded 2 times (x 66B)
Class com.google.common.reflect.Invokable$ConstructorInvokable                        : loaded 2 times (x 103B)
Class com.google.common.collect.Maps$EntryFunction$2                                  : loaded 2 times (x 87B)
Class org.gradle.api.internal.ClassPathRegistry                                       : loaded 2 times (x 66B)
Class org.gradle.internal.classpath.DefaultClassPath$ImmutableUniqueList              : loaded 2 times (x 195B)
Class com.google.common.cache.LocalCache$Strength                                     : loaded 2 times (x 77B)
Class kotlin.text.StringsKt__StringsKt$splitToSequence$1                              : loaded 2 times (x 75B)
Class kotlin.jvm.internal.TypeIntrinsics                                              : loaded 2 times (x 67B)
Class com.google.common.reflect.TypeToken                                             : loaded 2 times (x 69B)
Class com.google.common.base.ExtraObjectsMethodsForWeb                                : loaded 2 times (x 67B)
Class com.google.common.base.Stopwatch                                                : loaded 2 times (x 68B)
Class org.gradle.api.internal.classpath.UnknownModuleException                        : loaded 2 times (x 78B)
Class com.google.common.cache.Weigher                                                 : loaded 2 times (x 66B)
Class kotlin.io.FileAlreadyExistsException                                            : loaded 2 times (x 78B)
Class com.google.common.cache.CacheBuilder                                            : loaded 2 times (x 68B)
Class Settings_gradle$1                                                               : loaded 2 times (x 70B)
Class org.gradle.internal.classpath.ClassPath                                         : loaded 2 times (x 66B)
Class org.gradle.api.UncheckedIOException                                             : loaded 2 times (x 78B)
Class org.gradle.api.internal.classpath.Module                                        : loaded 2 times (x 66B)
Class kotlin.reflect.KFunction                                                        : loaded 2 times (x 66B)
Class [Lcom.google.common.reflect.Types$JavaVersion;                                  : loaded 2 times (x 65B)
Class com.google.common.base.JdkPattern                                               : loaded 2 times (x 71B)
Class com.google.common.collect.Sets$1$1                                              : loaded 2 times (x 78B)
Class dagger.hilt.processor.internal.optionvalues.GradleProjectType                   : loaded 2 times (x 75B)
Class com.google.common.collect.ImmutableSetMultimap$Builder                          : loaded 2 times (x 79B)
Class org.objectweb.asm.SymbolTable$Entry                                             : loaded 2 times (x 70B)
Class com.google.common.util.concurrent.AbstractFuture$AtomicHelper                   : loaded 2 times (x 74B)
Class [Lcom.google.common.base.CaseFormat;                                            : loaded 2 times (x 65B)
Class com.google.common.collect.FluentIterable$3                                      : loaded 2 times (x 77B)
Class org.objectweb.asm.Edge                                                          : loaded 2 times (x 68B)
Class com.google.common.base.Suppliers$SupplierOfInstance                             : loaded 2 times (x 75B)
Class com.google.common.base.Absent                                                   : loaded 2 times (x 76B)
Class com.google.common.collect.FluentIterable$2                                      : loaded 2 times (x 77B)
Class com.google.common.reflect.Reflection                                            : loaded 2 times (x 67B)
Class kotlin.Metadata                                                                 : loaded 2 times (x 66B)
Class com.google.common.reflect.TypeToken$1                                           : loaded 2 times (x 106B)
Class com.google.common.cache.LocalCache$ComputingValueReference                      : loaded 2 times (x 92B)
Class com.google.common.reflect.TypeToken$2                                           : loaded 2 times (x 106B)
Class com.google.common.cache.LocalCache$Segment                                      : loaded 2 times (x 150B)
Class org.gradle.api.internal.classpath.DefaultModuleRegistry$DefaultModule           : loaded 2 times (x 82B)
Class org.objectweb.asm.FieldVisitor                                                  : loaded 2 times (x 73B)
Class com.google.common.base.Objects                                                  : loaded 2 times (x 67B)
Class com.google.common.collect.FluentIterable$1                                      : loaded 2 times (x 77B)
Class [Lorg.objectweb.asm.SymbolTable$Entry;                                          : loaded 2 times (x 65B)
Class com.google.common.cache.CacheLoader                                             : loaded 2 times (x 70B)
Class org.gradle.internal.installation.GradleInstallation$1                           : loaded 2 times (x 71B)
Class org.gradle.api.internal.classpath.ModuleRegistry                                : loaded 2 times (x 66B)
Class org.gradle.internal.classloader.ClasspathUtil$1                                 : loaded 2 times (x 72B)
Class com.google.common.cache.CacheLoader$UnsupportedLoadingOperationException        : loaded 2 times (x 78B)
Class com.google.common.util.concurrent.internal.InternalFutureFailureAccess          : loaded 2 times (x 68B)
Class com.google.common.collect.ImmutableMultimap$Values                              : loaded 2 times (x 122B)
Class org.objectweb.asm.ClassWriter                                                   : loaded 2 times (x 102B)
Class com.google.common.collect.Iterators$6                                           : loaded 2 times (x 77B)
Class com.google.common.collect.HashBiMap$Inverse                                     : loaded 2 times (x 138B)
Class com.google.common.util.concurrent.AbstractFuture$UnsafeAtomicHelper             : loaded 2 times (x 74B)
Class com.google.common.cache.LocalCache$LocalManualCache$1                           : loaded 2 times (x 71B)
Class com.google.common.collect.AbstractMapBasedMultimap$KeySet$1                     : loaded 2 times (x 78B)
Class kotlin.collections.EmptyList                                                    : loaded 2 times (x 170B)
Class org.gradle.internal.InternalTransformer                                         : loaded 2 times (x 66B)
Class kotlin.io.FilesKt__UtilsKt                                                      : loaded 2 times (x 67B)
Class com.google.common.collect.Multimaps$CustomSetMultimap                           : loaded 2 times (x 174B)
Class org.gradle.api.internal.classpath.DefaultModuleRegistry                         : loaded 2 times (x 82B)
Class com.google.common.collect.ImmutableSetMultimap$EntrySet                         : loaded 2 times (x 142B)
Class org.gradle.kotlin.dsl.VersionCatalogAccessorsKt                                 : loaded 2 times (x 67B)
Class com.google.common.util.concurrent.UncheckedExecutionException                   : loaded 2 times (x 78B)
Class com.google.common.collect.Lists$StringAsImmutableList                           : loaded 2 times (x 203B)
Class kotlin.sequences.SequencesKt                                                    : loaded 2 times (x 67B)
Class com.google.common.collect.Lists                                                 : loaded 2 times (x 67B)
Class com.google.common.util.concurrent.ListenableFuture                              : loaded 2 times (x 66B)
Class com.google.common.cache.ReferenceEntry                                          : loaded 2 times (x 66B)
Class kotlin.text.DelimitedRangesSequence$iterator$1                                  : loaded 2 times (x 75B)
Class com.google.common.util.concurrent.AbstractFuture$Trusted                        : loaded 2 times (x 66B)
Class com.google.common.collect.Range                                                 : loaded 2 times (x 83B)
Class com.google.common.base.Optional                                                 : loaded 2 times (x 76B)
Class com.google.common.util.concurrent.AbstractFuture                                : loaded 2 times (x 102B)
Class com.google.common.base.FunctionalEquivalence                                    : loaded 2 times (x 79B)
Class com.google.common.collect.ImmutableMultiset                                     : loaded 2 times (x 159B)
Class com.google.common.base.CaseFormat$StringConverter                               : loaded 2 times (x 86B)
Class kotlin.io.LinesSequence$iterator$1                                              : loaded 2 times (x 75B)
Class com.google.common.reflect.TypeResolver$TypeTable                                : loaded 2 times (x 69B)
Class org.objectweb.asm.RecordComponentVisitor                                        : loaded 2 times (x 73B)
Class com.google.common.cache.CacheLoader$SupplierToCacheLoader                       : loaded 2 times (x 71B)
Class com.google.common.util.concurrent.AbstractFuture$UnsafeAtomicHelper$1           : loaded 2 times (x 72B)
Class com.google.common.collect.ImmutableRangeSet$1                                   : loaded 2 times (x 206B)
Class kotlin.io.FilesKt__FileReadWriteKt                                              : loaded 2 times (x 67B)
Class [Lkotlin.Pair;                                                                  : loaded 2 times (x 65B)
Class com.google.common.reflect.TypeResolver$TypeTable$1                              : loaded 2 times (x 69B)
Class org.gradle.internal.service.ServiceLookupException                              : loaded 2 times (x 78B)
Class kotlin.io.FilesKt__FilePathComponentsKt                                         : loaded 2 times (x 67B)
Class com.google.common.collect.Lists$ReverseList                                     : loaded 2 times (x 196B)
Class [Lcom.google.common.cache.LocalCache$EntryFactory;                              : loaded 2 times (x 65B)
Class org.gradle.internal.classloader.ClassLoaderFactory                              : loaded 2 times (x 66B)
Class kotlin.io.TerminateException                                                    : loaded 2 times (x 78B)
Class com.google.common.collect.ImmutableMap$SerializedForm                           : loaded 2 times (x 69B)
Class com.google.common.base.CommonPattern                                            : loaded 2 times (x 70B)
Class com.google.common.cache.LocalCache$LocalManualCache                             : loaded 2 times (x 95B)
Class org.gradle.internal.service.CachingServiceLocator                               : loaded 2 times (x 78B)
Class kotlin.reflect.KCallable                                                        : loaded 2 times (x 66B)
Class com.google.common.cache.LocalCache$2                                            : loaded 2 times (x 138B)
Class kotlin.jvm.internal.CallableReference                                           : loaded 2 times (x 102B)
Class com.google.common.collect.AbstractMapBasedMultimap$KeySet                       : loaded 2 times (x 133B)
Class com.google.common.collect.ImmutableList$Builder                                 : loaded 2 times (x 73B)
Class com.google.common.collect.Sets$ImprovedAbstractSet                              : loaded 2 times (x 131B)
Class com.google.common.reflect.Types$TypeVariableInvocationHandler                   : loaded 2 times (x 71B)
Class [Lcom.google.common.collect.HashBiMap$BiEntry;                                  : loaded 2 times (x 65B)
Class com.google.common.collect.AbstractSetMultimap                                   : loaded 2 times (x 170B)
Class com.google.common.collect.ImmutableMultimap                                     : loaded 2 times (x 143B)
Class com.google.common.reflect.TypeToken$SimpleTypeToken                             : loaded 2 times (x 69B)
Class kotlin.enums.EnumEntries                                                        : loaded 2 times (x 66B)
Class com.google.common.base.Predicates                                               : loaded 2 times (x 67B)
Class com.google.common.base.Equivalence                                              : loaded 2 times (x 78B)
Class com.google.common.collect.IndexedImmutableSet$1                                 : loaded 2 times (x 209B)
Class kotlin.io.CloseableKt                                                           : loaded 2 times (x 67B)
Class com.google.common.cache.CacheBuilder$OneWeigher                                 : loaded 2 times (x 78B)
Class com.google.common.reflect.Types$ClassOwnership$1LocalClass                      : loaded 2 times (x 67B)
Class com.google.common.collect.Maps$EntryFunction                                    : loaded 2 times (x 87B)
Class org.gradle.internal.classloader.ClasspathUtil                                   : loaded 2 times (x 67B)
Class kotlin.io.FileSystemException                                                   : loaded 2 times (x 78B)
Class com.google.common.base.Charsets                                                 : loaded 2 times (x 67B)
Class com.google.common.util.concurrent.Uninterruptibles                              : loaded 2 times (x 67B)
Class com.google.common.cache.LocalCache$1                                            : loaded 2 times (x 85B)
Class com.google.common.collect.AbstractMapBasedMultimap$WrappedSet                   : loaded 2 times (x 138B)
Class org.gradle.api.specs.Spec                                                       : loaded 2 times (x 66B)
Class com.google.common.collect.HashBiMap$BiEntry                                     : loaded 2 times (x 79B)
Class com.google.common.reflect.Types$JavaVersion                                     : loaded 2 times (x 79B)
Class com.google.common.collect.Sets$3$1                                              : loaded 2 times (x 78B)
Class com.google.common.cache.LocalCache$LoadingValueReference                        : loaded 2 times (x 92B)
Class com.google.common.collect.CollectSpliterators                                   : loaded 2 times (x 67B)
Class kotlin.Pair                                                                     : loaded 2 times (x 68B)
Class kotlin.sequences.TransformingSequence$iterator$1                                : loaded 2 times (x 75B)
Class kotlin.collections.EmptyIterator                                                : loaded 2 times (x 85B)
Class com.google.common.collect.Iterators$SingletonIterator                           : loaded 2 times (x 77B)
Class com.google.common.reflect.Invokable$MethodInvokable                             : loaded 2 times (x 103B)
Class com.google.common.base.Platform                                                 : loaded 2 times (x 67B)
Class org.gradle.internal.service.ServiceLocator                                      : loaded 2 times (x 66B)
Class kotlin.sequences.SequencesKt__SequencesJVMKt                                    : loaded 2 times (x 67B)
Class kotlin.io.FilePathComponents                                                    : loaded 2 times (x 68B)
Class kotlin.collections.AbstractList                                                 : loaded 2 times (x 193B)
Class kotlin.collections.AbstractCollection                                           : loaded 2 times (x 113B)
Class com.google.common.collect.AbstractMapBasedMultimap$WrappedList                  : loaded 2 times (x 201B)
Class [Lorg.objectweb.asm.AnnotationWriter;                                           : loaded 2 times (x 65B)
Class [Lorg.objectweb.asm.Type;                                                       : loaded 2 times (x 65B)
Class [Lorg.objectweb.asm.Attribute;                                                  : loaded 2 times (x 65B)
Class com.google.common.base.MoreObjects                                              : loaded 2 times (x 67B)
Class com.google.common.base.Predicates$CompositionPredicate                          : loaded 2 times (x 84B)
Class com.google.common.collect.Lists$ReverseList$1                                   : loaded 2 times (x 95B)
Class com.google.common.collect.ImmutableRangeSet$Builder                             : loaded 2 times (x 73B)
Class com.google.common.cache.LocalCache$StrongValueReference                         : loaded 2 times (x 86B)
Class com.google.common.util.concurrent.AbstractFuture$SynchronizedHelper             : loaded 2 times (x 74B)
Class com.google.common.graph.SuccessorsFunction                                      : loaded 2 times (x 66B)
Class com.google.common.reflect.TypeResolver$TypeVariableKey                          : loaded 2 times (x 68B)
Class org.objectweb.asm.Type                                                          : loaded 2 times (x 68B)
Class org.gradle.internal.classloader.VisitableURLClassLoader$InstrumentingVisitableURLClassLoader: loaded 2 times (x 119B)
Class com.google.common.collect.BaseImmutableMultimap                                 : loaded 2 times (x 119B)
Class com.google.common.cache.CacheLoader$FunctionToCacheLoader                       : loaded 2 times (x 71B)
Class com.google.common.collect.ImmutableRangeSet$AsSet                               : loaded 2 times (x 296B)
Class kotlin.sequences.SequencesKt__SequencesKt                                       : loaded 2 times (x 67B)
Class org.objectweb.asm.ByteVector                                                    : loaded 2 times (x 75B)
Class [Lcom.google.common.cache.CacheBuilder$NullListener;                            : loaded 2 times (x 65B)
Class org.gradle.internal.classloader.VisitableURLClassLoader$Spec                    : loaded 2 times (x 70B)
Class org.gradle.internal.classpath.DefaultClassPath                                  : loaded 2 times (x 86B)
Class com.google.common.collect.Maps$IteratorBasedAbstractMap$1                       : loaded 2 times (x 134B)
Class com.google.common.reflect.Types$ClassOwnership                                  : loaded 2 times (x 76B)
Class org.objectweb.asm.Symbol                                                        : loaded 2 times (x 69B)
Class com.google.common.reflect.Types$ParameterizedTypeImpl                           : loaded 2 times (x 77B)
Class kotlin.enums.EnumEntriesList                                                    : loaded 2 times (x 219B)
Class kotlin.jvm.internal.FunctionReference                                           : loaded 2 times (x 118B)
Class com.google.common.collect.Sets$FilteredSet                                      : loaded 2 times (x 133B)
Class com.google.common.io.Closer                                                     : loaded 2 times (x 74B)
Class com.google.common.base.CharMatcher$Ascii                                        : loaded 2 times (x 108B)
Class org.gradle.internal.classloader.ClassLoaderSpec                                 : loaded 2 times (x 67B)
Class kotlin.text.StringsKt__StringsKt$rangesDelimitedBy$2                            : loaded 2 times (x 75B)
Class kotlin.text.DelimitedRangesSequence                                             : loaded 2 times (x 71B)
Class org.objectweb.asm.AnnotationWriter                                              : loaded 2 times (x 75B)
Class com.google.common.cache.CacheStats                                              : loaded 2 times (x 67B)
Class com.google.common.collect.ImmutableMultisetGwtSerializationDependencies         : loaded 2 times (x 121B)
Class com.google.common.collect.ImmutableListMultimap                                 : loaded 2 times (x 172B)
Class kotlin.Unit                                                                     : loaded 2 times (x 67B)
Class kotlin.sequences.SequencesKt___SequencesJvmKt                                   : loaded 2 times (x 67B)
Class kotlin.TuplesKt                                                                 : loaded 2 times (x 67B)
Class com.google.common.io.Closer$Suppressor                                          : loaded 2 times (x 66B)
Class org.objectweb.asm.RecordComponentWriter                                         : loaded 2 times (x 74B)
Class com.google.common.util.concurrent.AbstractFuture$Listener                       : loaded 2 times (x 68B)
Class Settings_gradle$1$1                                                             : loaded 2 times (x 70B)
Class org.gradle.internal.classloader.InstrumentingClassLoader                        : loaded 2 times (x 66B)
Class org.gradle.internal.classpath.TransformedClassPath                              : loaded 2 times (x 92B)
Class org.objectweb.asm.Attribute                                                     : loaded 2 times (x 73B)
Class org.gradle.internal.classloader.VisitableURLClassLoader                         : loaded 2 times (x 113B)
Class com.google.common.cache.CacheBuilder$NullListener                               : loaded 2 times (x 78B)
Class org.objectweb.asm.FieldWriter                                                   : loaded 2 times (x 74B)
Class com.google.common.collect.ImmutableList$SerializedForm                          : loaded 2 times (x 69B)
Class com.google.common.util.concurrent.AbstractFuture$Waiter                         : loaded 2 times (x 68B)
Class Settings_gradle                                                                 : loaded 2 times (x 124B)
Class org.gradle.internal.Cast                                                        : loaded 2 times (x 67B)
Class org.gradle.api.Action                                                           : loaded 2 times (x 66B)
Class com.google.common.reflect.Invokable                                             : loaded 2 times (x 99B)
Class com.google.common.cache.LocalCache$Strength$3                                   : loaded 2 times (x 77B)
Class com.google.common.io.ByteStreams                                                : loaded 2 times (x 67B)
Class com.google.common.collect.HashBiMap                                             : loaded 2 times (x 139B)
Class com.google.common.base.Strings                                                  : loaded 2 times (x 67B)
Class org.objectweb.asm.Handler                                                       : loaded 2 times (x 68B)
Class com.google.common.base.Ticker                                                   : loaded 2 times (x 68B)
Class com.google.common.collect.ImmutableSortedSet$Builder                            : loaded 2 times (x 82B)
Class [Lcom.google.common.collect.Maps$EntryFunction;                                 : loaded 2 times (x 65B)
Class com.google.common.collect.TransformedIterator                                   : loaded 2 times (x 76B)
Class kotlin.jvm.functions.Function2                                                  : loaded 2 times (x 66B)
Class [Lcom.google.common.cache.LocalCache$Segment;                                   : loaded 2 times (x 65B)
Class [Lcom.google.common.cache.LocalCache$Strength;                                  : loaded 2 times (x 65B)
Class com.google.common.cache.CacheBuilder$1                                          : loaded 2 times (x 81B)
Class org.gradle.internal.classpath.DefaultClassPath$ImmutableUniqueList$Builder      : loaded 2 times (x 71B)
Class com.google.common.base.CaseFormat$5                                             : loaded 2 times (x 79B)
Class com.google.common.cache.LocalCache$Strength$2                                   : loaded 2 times (x 77B)
Class com.google.common.collect.AbstractRangeSet                                      : loaded 2 times (x 110B)
Class com.google.common.cache.LocalCache                                              : loaded 2 times (x 183B)
Class com.google.common.cache.CacheBuilder$2                                          : loaded 2 times (x 75B)
Class com.google.common.util.concurrent.SettableFuture                                : loaded 2 times (x 110B)
Class com.google.common.collect.Collections2$FilteredCollection                       : loaded 2 times (x 115B)
Class com.google.common.reflect.Types$ClassOwnership$3                                : loaded 2 times (x 67B)
Class kotlin.collections.MapWithDefault                                               : loaded 2 times (x 66B)
Class kotlin.annotation.Target                                                        : loaded 2 times (x 66B)
Class kotlin.collections.EmptySet                                                     : loaded 2 times (x 118B)
Class com.google.common.cache.CacheBuilder$3                                          : loaded 2 times (x 68B)
Class org.gradle.api.GradleException                                                  : loaded 2 times (x 78B)
Class com.google.common.base.CaseFormat$4                                             : loaded 2 times (x 79B)
Class com.google.common.collect.EmptyImmutableSetMultimap                             : loaded 2 times (x 176B)
Class com.google.common.cache.LocalCache$Strength$1                                   : loaded 2 times (x 77B)
Class kotlin.annotation.Retention                                                     : loaded 2 times (x 66B)
Class kotlin.reflect.KDeclarationContainer                                            : loaded 2 times (x 66B)
Class org.objectweb.asm.ModuleVisitor                                                 : loaded 2 times (x 77B)
Class com.google.common.io.ByteArrayDataInput                                         : loaded 2 times (x 66B)
Class com.google.common.reflect.TypeResolver                                          : loaded 2 times (x 68B)
Class kotlin.io.FilesKt                                                               : loaded 2 times (x 67B)
Class com.google.common.collect.Maps$AbstractFilteredMap                              : loaded 2 times (x 123B)
Class com.google.common.reflect.Types$ClassOwnership$2                                : loaded 2 times (x 76B)
Class com.google.common.cache.LocalCache$EntryFactory                                 : loaded 2 times (x 79B)
Class com.google.common.base.CaseFormat$3                                             : loaded 2 times (x 79B)
Class org.gradle.internal.service.UnknownServiceException                             : loaded 2 times (x 79B)
Class kotlin.enums.EnumEntriesKt                                                      : loaded 2 times (x 67B)
Class com.google.common.reflect.Types$NativeTypeVariableEquals                        : loaded 2 times (x 67B)
Class com.google.common.reflect.TypeParameter                                         : loaded 2 times (x 68B)
Class com.google.common.collect.Iterables$5                                           : loaded 2 times (x 77B)
Class com.google.common.cache.LocalCache$AbstractReferenceEntry                       : loaded 2 times (x 103B)
Class org.gradle.internal.IoActions                                                   : loaded 2 times (x 67B)
Class com.google.common.collect.ImmutableMapKeySet                                    : loaded 2 times (x 148B)
Class com.google.common.cache.LocalCache$LocalLoadingCache                            : loaded 2 times (x 130B)
Class com.google.common.collect.ImmutableRangeSet$ComplementRanges                    : loaded 2 times (x 203B)
Class org.objectweb.asm.SymbolTable                                                   : loaded 2 times (x 68B)
Class com.google.common.cache.CacheLoader$InvalidCacheLoadException                   : loaded 2 times (x 78B)
Class org.gradle.internal.classloader.SystemClassLoaderSpec                           : loaded 2 times (x 67B)
Class com.google.common.base.CaseFormat                                               : loaded 2 times (x 79B)
Class com.google.common.util.concurrent.AbstractFuture$SafeAtomicHelper               : loaded 2 times (x 75B)
Class [Lorg.objectweb.asm.AnnotationVisitor;                                          : loaded 2 times (x 65B)
Class kotlin.reflect.KAnnotatedElement                                                : loaded 2 times (x 66B)
Class kotlin.collections.EmptyMap                                                     : loaded 2 times (x 105B)
Class com.google.common.collect.FluentIterable                                        : loaded 2 times (x 77B)
Class com.google.common.cache.LocalCache$StrongEntry                                  : loaded 2 times (x 104B)
Class com.google.common.util.concurrent.AbstractFuture$TrustedFuture                  : loaded 2 times (x 110B)
Class com.google.common.cache.LoadingCache                                            : loaded 2 times (x 66B)
Class com.google.common.reflect.Types$ClassOwnership$1                                : loaded 2 times (x 76B)
Class com.google.common.base.CaseFormat$2                                             : loaded 2 times (x 79B)
Class org.gradle.api.internal.ClassPathProvider                                       : loaded 2 times (x 66B)
Class [Lorg.gradle.api.internal.ClassPathProvider;                                    : loaded 2 times (x 65B)
Class com.google.common.io.ByteStreams$LimitedInputStream                             : loaded 2 times (x 88B)
Class org.objectweb.asm.MethodWriter                                                  : loaded 2 times (x 102B)
Class [Lcom.google.common.cache.Weigher;                                              : loaded 2 times (x 65B)
Class com.google.common.collect.ImmutableMultimap$1                                   : loaded 2 times (x 78B)
Class [Lcom.google.common.base.Function;                                              : loaded 2 times (x 65B)
Class com.google.common.collect.Maps$ViewCachingAbstractMap                           : loaded 2 times (x 121B)
Class kotlin.text.Charsets                                                            : loaded 2 times (x 67B)
Class com.google.common.collect.AbstractMapBasedMultimap$RandomAccessWrappedList      : loaded 2 times (x 201B)
Class com.google.common.collect.ImmutableMultimap$2                                   : loaded 2 times (x 77B)
Class kotlin.sequences.Sequence                                                       : loaded 2 times (x 66B)
Class com.google.common.base.CaseFormat$1                                             : loaded 2 times (x 79B)
Class org.gradle.api.internal.DefaultClassPathProvider                                : loaded 2 times (x 72B)
Class org.objectweb.asm.AnnotationVisitor                                             : loaded 2 times (x 74B)
Class com.google.common.reflect.Types$JavaVersion$1                                   : loaded 2 times (x 79B)
Class com.google.common.collect.AbstractIterator$State                                : loaded 2 times (x 75B)
Class com.google.common.cache.LocalCache$ValueReference                               : loaded 2 times (x 66B)
Class com.google.common.collect.ImmutableSet$SerializedForm                           : loaded 2 times (x 69B)
Class com.google.common.collect.ImmutableRangeSet                                     : loaded 2 times (x 111B)
Class com.google.common.collect.CollectSpliterators$1WithCharacteristics              : loaded 2 times (x 86B)
Class org.gradle.api.internal.classpath.EffectiveClassPath                            : loaded 2 times (x 86B)
Class com.google.common.reflect.Types$JavaVersion$2                                   : loaded 2 times (x 79B)
Class com.google.common.reflect.Types                                                 : loaded 2 times (x 67B)
Class com.google.common.hash.PrimitiveSink                                            : loaded 2 times (x 66B)
Class com.google.common.base.PatternCompiler                                          : loaded 2 times (x 66B)
Class com.google.common.util.concurrent.AbstractFuture$Failure                        : loaded 2 times (x 68B)
Class com.google.common.base.Equivalence$Equals                                       : loaded 2 times (x 78B)
Class [Ldagger.hilt.processor.internal.optionvalues.GradleProjectType;                : loaded 2 times (x 65B)
Class com.google.common.collect.ImmutableSetMultimap                                  : loaded 2 times (x 176B)
Class org.gradle.internal.classloader.ClassLoaderVisitor                              : loaded 2 times (x 72B)
Class [Lcom.google.common.collect.AbstractIterator$State;                             : loaded 2 times (x 65B)
Class kotlin.collections.AbstractList$Companion                                       : loaded 2 times (x 67B)
Class kotlin.sequences.SequencesKt___SequencesKt                                      : loaded 2 times (x 67B)
Class com.google.common.reflect.Types$JavaVersion$3                                   : loaded 2 times (x 79B)
Class org.objectweb.asm.Label                                                         : loaded 2 times (x 69B)
Class org.objectweb.asm.CurrentFrame                                                  : loaded 2 times (x 69B)
Class org.objectweb.asm.ClassTooLargeException                                        : loaded 2 times (x 79B)
Class org.gradle.internal.classloader.DefaultClassLoaderFactory                       : loaded 2 times (x 78B)
Class [Lcom.google.common.cache.CacheBuilder$OneWeigher;                              : loaded 2 times (x 65B)
Class org.objectweb.asm.MethodTooLargeException                                       : loaded 2 times (x 79B)
Class com.google.common.base.Platform$JdkPatternCompiler                              : loaded 2 times (x 71B)
Class com.google.common.reflect.Types$JavaVersion$4                                   : loaded 2 times (x 79B)
Class com.google.common.collect.Maps$IteratorBasedAbstractMap                         : loaded 2 times (x 121B)
Class com.google.common.collect.RangeGwtSerializationDependencies                     : loaded 2 times (x 67B)
Class org.objectweb.asm.Frame                                                         : loaded 2 times (x 69B)
Class org.objectweb.asm.MethodVisitor                                                 : loaded 2 times (x 101B)
Class com.google.common.cache.LocalCache$EntryFactory$1                               : loaded 2 times (x 79B)
Class [Lcom.google.common.cache.RemovalListener;                                      : loaded 2 times (x 65B)
Class kotlin.io.LinesSequence                                                         : loaded 2 times (x 71B)
Class kotlin.jvm.internal.CallableReference$NoReceiver                                : loaded 2 times (x 67B)
Class com.google.common.reflect.Types$JavaVersion$5                                   : loaded 2 times (x 67B)
Class [Lcom.google.common.reflect.Types$ClassOwnership;                               : loaded 2 times (x 65B)
Class com.google.common.collect.RangeSet                                              : loaded 2 times (x 66B)
Class com.google.common.cache.LocalCache$EntryFactory$2                               : loaded 2 times (x 79B)
Class org.gradle.api.internal.classpath.GlobalCacheRootsProvider                      : loaded 2 times (x 66B)
Class org.objectweb.asm.ClassVisitor                                                  : loaded 2 times (x 84B)
Class [Lorg.objectweb.asm.Symbol;                                                     : loaded 2 times (x 65B)
Class com.google.common.reflect.TypeCapture                                           : loaded 2 times (x 67B)
Class kotlin.sequences.TransformingSequence                                           : loaded 2 times (x 71B)
Class com.google.common.collect.Multimaps                                             : loaded 2 times (x 67B)
Class com.google.common.collect.CollectCollectors                                     : loaded 2 times (x 67B)
Class org.objectweb.asm.ModuleWriter                                                  : loaded 2 times (x 78B)
Class com.google.common.cache.LocalCache$EntryFactory$3                               : loaded 2 times (x 79B)
Class com.google.common.base.Ticker$1                                                 : loaded 2 times (x 68B)
Class com.google.common.io.ByteArrayDataOutput                                        : loaded 2 times (x 66B)
Class org.gradle.api.internal.classpath.ManifestUtil                                  : loaded 2 times (x 67B)
Class com.google.common.util.concurrent.ExecutionError                                : loaded 2 times (x 78B)
Class com.google.common.cache.LocalCache$EntryFactory$4                               : loaded 2 times (x 79B)
Class kotlin.sequences.ConstrainedOnceSequence                                        : loaded 2 times (x 71B)
Class com.google.common.io.ByteStreams$1                                              : loaded 2 times (x 81B)
Class com.google.common.cache.LocalCache$EntryFactory$5                               : loaded 2 times (x 79B)
Class com.google.common.collect.AbstractMapBasedMultimap$WrappedCollection            : loaded 2 times (x 120B)
Class com.google.common.collect.ImmutableBiMap$SerializedForm                         : loaded 2 times (x 71B)
Class com.google.common.cache.LocalCache$EntryFactory$6                               : loaded 2 times (x 79B)
Class org.gradle.internal.installation.CurrentGradleInstallationLocator               : loaded 2 times (x 67B)
Class com.google.common.collect.ImmutableMultimap$Builder                             : loaded 2 times (x 79B)
Class org.gradle.internal.classloader.ClassLoaderHierarchy                            : loaded 2 times (x 66B)
Class com.google.common.collect.SortedSetMultimap                                     : loaded 2 times (x 66B)
Class org.objectweb.asm.ClassReader                                                   : loaded 2 times (x 90B)
Class com.google.common.collect.Maps$KeySet                                           : loaded 2 times (x 133B)
Class com.google.common.cache.LocalCache$EntryFactory$7                               : loaded 2 times (x 79B)
Class org.gradle.internal.service.DefaultServiceLocator                               : loaded 2 times (x 79B)
Class com.google.common.collect.ImmutableMultimap$EntryCollection                     : loaded 2 times (x 124B)
Class kotlin.io.FilesKt__FileTreeWalkKt                                               : loaded 2 times (x 67B)
Class com.google.common.collect.Maps$EntrySet                                         : loaded 2 times (x 132B)
Class com.google.common.cache.LocalCache$EntryFactory$8                               : loaded 2 times (x 79B)
Class org.gradle.internal.installation.CurrentGradleInstallation                      : loaded 2 times (x 69B)
Class kotlin.sequences.SequencesKt__SequenceBuilderKt                                 : loaded 2 times (x 67B)
Class com.google.common.cache.CacheLoader$1                                           : loaded 2 times (x 71B)
Class com.google.common.collect.ForwardingObject                                      : loaded 2 times (x 68B)
Class org.gradle.util.internal.GUtil                                                  : loaded 2 times (x 67B)
Class org.gradle.internal.classloader.FilteringClassLoader                            : loaded 2 times (x 101B)
Class kotlin.io.NoSuchFileException                                                   : loaded 2 times (x 78B)
Class com.google.common.util.concurrent.AbstractFuture$SetFuture                      : loaded 2 times (x 71B)
Class com.google.common.cache.AbstractCache$StatsCounter                              : loaded 2 times (x 66B)
Class com.google.common.base.Equivalence$Identity                                     : loaded 2 times (x 78B)
Class com.google.common.base.PairwiseEquivalence                                      : loaded 2 times (x 79B)
Class com.google.common.reflect.Types$TypeVariableImpl                                : loaded 2 times (x 68B)
Class org.objectweb.asm.Context                                                       : loaded 2 times (x 68B)
Class org.gradle.internal.installation.GradleInstallation                             : loaded 2 times (x 71B)
Class com.google.common.collect.Iterables                                             : loaded 2 times (x 67B)
Class kotlin.io.TextStreamsKt                                                         : loaded 2 times (x 67B)
Class kotlin.jvm.KotlinReflectionNotSupportedError                                    : loaded 2 times (x 78B)
Class com.google.common.collect.Lists$RandomAccessReverseList                         : loaded 2 times (x 196B)

---------------  S Y S T E M  ---------------

OS:
 Windows 11 , 64 bit Build 26100 (10.0.26100.8328)
OS uptime: 7 days 15:38 hours
Hyper-V role detected

CPU: total 16 (initial active 16) (8 cores per cpu, 2 threads per core) family 6 model 154 stepping 3 microcode 0x437, cx8, cmov, fxsr, ht, mmx, 3dnowpref, sse, sse2, sse3, ssse3, sse4.1, sse4.2, popcnt, lzcnt, tsc, tscinvbit, avx, avx2, aes, erms, clmul, bmi1, bmi2, adx, sha, fma, vzeroupper, clflush, clflushopt, clwb, hv, serialize, rdtscp, rdpid, fsrm, f16c, cet_ibt, cet_ss
Processor Information for processor 0
  Max Mhz: 2100, Current Mhz: 2100, Mhz Limit: 2100
Processor Information for processor 1
  Max Mhz: 2100, Current Mhz: 2100, Mhz Limit: 2100
Processor Information for processor 2
  Max Mhz: 2100, Current Mhz: 2100, Mhz Limit: 2100
Processor Information for processor 3
  Max Mhz: 2100, Current Mhz: 2100, Mhz Limit: 2100
Processor Information for processor 4
  Max Mhz: 2100, Current Mhz: 2100, Mhz Limit: 2100
Processor Information for processor 5
  Max Mhz: 2100, Current Mhz: 2100, Mhz Limit: 2100
Processor Information for processor 6
  Max Mhz: 2100, Current Mhz: 2100, Mhz Limit: 2100
Processor Information for processor 7
  Max Mhz: 2100, Current Mhz: 2100, Mhz Limit: 2100
Processor Information for processor 8
  Max Mhz: 2100, Current Mhz: 2100, Mhz Limit: 2100
Processor Information for processor 9
  Max Mhz: 2100, Current Mhz: 2100, Mhz Limit: 2100
Processor Information for processor 10
  Max Mhz: 2100, Current Mhz: 2100, Mhz Limit: 2100
Processor Information for processor 11
  Max Mhz: 2100, Current Mhz: 2100, Mhz Limit: 2100
Processor Information for processor 12
  Max Mhz: 2100, Current Mhz: 2100, Mhz Limit: 2100
Processor Information for processor 13
  Max Mhz: 2100, Current Mhz: 2100, Mhz Limit: 2100
Processor Information for processor 14
  Max Mhz: 2100, Current Mhz: 1540, Mhz Limit: 2100
Processor Information for processor 15
  Max Mhz: 2100, Current Mhz: 2100, Mhz Limit: 2100

Memory: 4k page, system-wide physical 16068M (1593M free)
TotalPageFile size 47318M (AvailPageFile size 72M)
current process WorkingSet (physical memory assigned to process): 678M, peak: 732M
current process commit charge ("private bytes"): 801M, peak: 803M

vm_info: OpenJDK 64-Bit Server VM (21.0.6+-13391695-b895.109) for windows-amd64 JRE (21.0.6+-13391695-b895.109), built on 2025-04-22T21:19:17Z by "builder" with MS VC++ 16.10 / 16.11 (VS2019)

END.
